lemma,pos,cefr,gender,word,plural,pluralPattern,singularOnly,pluralOnly,governedCase,partizipII,auxiliary,praesens3sg,isSeparable,exampleDE,exampleEN,sourceLine,verification
ab,other,A1,,ab,,,0,0,,,,,0,Ab morgen muss ich arbeiten.,I have to work from tomorrow.,ab	Ab morgen muss ich arbeiten.	I have to work from tomorrow.,
aber,other,A1,,aber,,,0,0,,,,,0,"Ich bin oft im Büro, aber nur für wenige Stunden.","I am often in the office, but only for a few hours.","aber	Ich bin oft im Büro, aber nur für wenige Stunden.	I am often in the office, but only for a few hours.",
abfahren,verb,A1,,abfahren,,,0,0,,,,,1,Wir fahren um zwölf Uhr ab.,We leave at twelve o'clock.,abfahren	Wir fahren um zwölf Uhr ab.	We leave at twelve o'clock.,
die Abfahrt,noun,A1,die,Abfahrt,Abfahrten,-en,0,0,,,,,0,Vor der Abfahrt rufe ich an.,"Before departure, I'll call.","die Abfahrt	Vor der Abfahrt rufe ich an.	Before departure, I'll call.",verified
abgeben,verb,A1,,abgeben,,,0,0,,abgegeben,haben,gibt ab,1,Ich muss meine Schlüssel abgeben.,I have to hand in my keys.,abgeben	Ich muss meine Schlüssel abgeben.	I have to hand in my keys.,
abholen,verb,A1,,abholen,,,0,0,,abgeholt,haben,holt ab,1,Wann kann ich den Schrank bei dir abholen?,When can I pick up the cabinet from you?,abholen(1)	Wann kann ich den Schrank bei dir abholen?	When can I pick up the cabinet from you?,
der Absender,noun,A1,der,Absender,Absender,wiktionary,0,0,,,,,0,Da ist ein Brief für dich ohne Absender.,There is a letter for you without a sender.,der Absender	Da ist ein Brief für dich ohne Absender.	There is a letter for you without a sender.,verified
Achtung,other,A1,,Achtung,,,0,0,,,,,0,Achtung! Das dürfen Sie nicht tun.,Attention! You must not do that.,Achtung	Achtung! Das dürfen Sie nicht tun.	Attention! You must not do that.,
die Adresse,noun,A1,die,Adresse,Adressen,-en,0,0,,,,,0,Können Sie mir seine Adresse sagen?,Could you tell me his address?,"die Adresse,-en	Können Sie mir seine Adresse sagen?	Could you tell me his address?",verified
all-,other,A1,,all-,,,0,0,,,,,0,Alles Gute!,All the best!,all-(1)	Alles Gute!	All the best!,
allein,other,A1,,allein,,,0,0,,,,,0,Er kommt allein.,He comes alone.,allein	Er kommt allein.	He comes alone.,
also,other,A1,,also,,,0,0,,,,,0,"Also, es ist so: …","Well, it is like this: …","also(1)	Also, es ist so: …	Well, it is like this: …",
alt,other,A1,,alt,,,0,0,,,,,0,Wie alt sind Sie?,How old are you?,alt(1)	Wie alt sind Sie?	How old are you?,
das Alter,noun,A1,das,Alter,,,1,0,,,,,0,Alter: 26 Jahre.,Age: 26 years.,das Alter	Alter: 26 Jahre.	Age: 26 years.,verified
an,preposition,A1,,an,,,0,0,wechsel,,,,0,Fahren Sie an der nächsten Straße nach rechts.,Turn right at the next street.,an(1)	Fahren Sie an der nächsten Straße nach rechts.	Turn right at the next street.,
anbieten,verb,A1,,anbieten,,,0,0,,angeboten,haben,bietet an,1,Was darf ich dir anbieten?,What can I offer you?,anbieten	Was darf ich dir anbieten?	What can I offer you?,
das Angebot,noun,A1,das,Angebot,Angebote,-e,0,0,,,,,0,Heute sind Sportschuhe im Angebot.,"Today, sports shoes are on sale.","das Angebot, -e	Heute sind Sportschuhe im Angebot.	Today, sports shoes are on sale.",verified
ander-,other,A1,,ander-,,,0,0,,,,,0,Willst du diese Jacke?,Do you want this jacket?,ander-	Willst du diese Jacke?	Do you want this jacket?,
anfangen,verb,A1,,anfangen,,,0,0,,,,,1,Hier fängt die Bahnhofstraße an.,"Here, Bahnhofstraße starts.","anfangen(1)	Hier fängt die Bahnhofstraße an.	Here, Bahnhofstraße starts.",
der Anfang,noun,A1,der,Anfang,Anfänge,¨-e,0,0,,,,,0,Sie wohnt am Anfang der Straße.,She lives at the beginning of the street.,der Anfang	Sie wohnt am Anfang der Straße.	She lives at the beginning of the street.,verified
anklicken,verb,A1,,anklicken,,,0,0,,,,,1,Da musst du dieses Wort anklicken.,You need to click on this word.,anklicken	Da musst du dieses Wort anklicken.	You need to click on this word.,
ankommen,verb,A1,,ankommen,,,0,0,,angekommen,sein,,1,Wann kommt dieser Zug in Hamburg an?,When does this train arrive in Hamburg?,ankommen	Wann kommt dieser Zug in Hamburg an?	When does this train arrive in Hamburg?,
die Ankunft,noun,A1,die,Ankunft,Ankünfte,-¨e,0,0,,,,,0,Auf diesem Plan steht nur die Ankunft(-szeit) der Züge.,This plan only shows the arrival time of the trains.,die Ankunft	Auf diesem Plan steht nur die Ankunft(-szeit) der Züge.	This plan only shows the arrival time of the trains.,verified
ankreuzen,verb,A1,,ankreuzen,,,0,0,,,,,1,Auf dem Formular müssen Sie an mehreren Stellen etwas ankreuzen.,"On the form, you need to check several places.","ankreuzen	Auf dem Formular müssen Sie an mehreren Stellen etwas ankreuzen.	On the form, you need to check several places.",
anmachen,verb,A1,,anmachen,,,0,0,,angemacht,haben,macht an,1,Mach bitte das Licht an!,Please turn on the light.,anmachen	Mach bitte das Licht an!	Please turn on the light.,
anmelden,verb,A1,,anmelden,,,0,0,,,,,1,Wo kann ich mich anmelden?,Where can I register?,(sich) anmelden	Wo kann ich mich anmelden?	Where can I register?,
die Anmeldung,noun,A1,die,Anmeldung,Anmeldungen,-en,0,0,,,,,0,Eine Anmeldung für diesen Kurs ist nicht mehr möglich.,Registration for this course is no longer possible.,die Anmeldung	Eine Anmeldung für diesen Kurs ist nicht mehr möglich.	Registration for this course is no longer possible.,verified
die Anrede,noun,A1,die,Anrede,Anreden,wiktionary,0,0,,,,,0,Schreiben Sie auch eine Anrede und einen Gruß.,"Also, write a salutation and a closing.","die Anrede	Schreiben Sie auch eine Anrede und einen Gruß.	Also, write a salutation and a closing.",verified
anrufen,verb,A1,,anrufen,,,0,0,,angerufen,haben,,1,Kann man Sie anrufen?,Can one call you?,anrufen(1)	Kann man Sie anrufen?	Can one call you?,
der Anruf,noun,A1,der,Anruf,Anrufe,-e,0,0,,,,,0,Sie bekommt viele Anrufe auf ihrem Handy.,She receives many calls on her cell phone.,"der Anruf, -e	Sie bekommt viele Anrufe auf ihrem Handy.	She receives many calls on her cell phone.",verified
der Anrufbeantworter,noun,A1,der,Anrufbeantworter,Anrufbeantworter,wiktionary,0,0,,,,,0,Wir sind im Moment nicht da. Sprechen Sie bitte auf den Anrufbeantworter.,We are not available at the moment. Please leave a message on the answering machine.,der Anrufbeantworter	Wir sind im Moment nicht da. Sprechen Sie bitte auf den Anrufbeantworter.	We are not available at the moment. Please leave a message on the answering machine.,verified
die Ansage,noun,A1,die,Ansage,Ansagen,-n,0,0,,,,,0,Hören Sie die Ansagen.,Listen to the announcements.,"die Ansage, -n	Hören Sie die Ansagen.	Listen to the announcements.",verified
der Anschluss,noun,A1,der,Anschluss,Anschlüsse,¨-e,0,0,,,,,0,In Mannheim haben Sie Anschluss nach Saarbrücken.,"In Mannheim, you have a connection to Saarbrücken.","der Anschluss(1)	In Mannheim haben Sie Anschluss nach Saarbrücken.	In Mannheim, you have a connection to Saarbrücken.",verified
an sein,other,A1,,an sein,,,0,0,,,,,0,Heute Nacht war das Licht an.,The light was on last night.,an sein	Heute Nacht war das Licht an.	The light was on last night.,
antworten,verb,A1,,antworten,,,0,0,,geantwortet,haben,,1,Er antwortet nicht.,He does not answer.,antworten	Er antwortet nicht.	He does not answer.,
die Antwort,noun,A1,die,Antwort,Antworten,-en,0,0,,,,,0,Er gibt leider keine Antwort.,"Unfortunately, he gives no answer.","die Antwort, -en	Er gibt leider keine Antwort.	Unfortunately, he gives no answer.",verified
die Anzeige,noun,A1,die,Anzeige,Anzeigen,-n,0,0,,,,,0,Ich habe Ihre Anzeige in der Zeitung gelesen.,I read your advertisement in the newspaper.,"die Anzeige, -n	Ich habe Ihre Anzeige in der Zeitung gelesen.	I read your advertisement in the newspaper.",verified
anziehen,verb,A1,,anziehen,,,0,0,,,,,1,Ich muss mich noch anziehen.,I still need to get dressed.,(sich) anziehen	Ich muss mich noch anziehen.	I still need to get dressed.,
das Apartment,noun,A1,das,Apartment,Apartments,-s,0,0,,,,,0,Wir haben ein Apartment gemietet.,We rented an apartment.,"das Apartment, -s	Wir haben ein Apartment gemietet.	We rented an apartment.",verified
der Apfel,noun,A1,der,Apfel,Äpfel,-Ä,0,0,,,,,0,Ein Pfund Äpfel bitte.,"A pound of apples, please.","der Apfel, -Ä	Ein Pfund Äpfel bitte.	A pound of apples, please.",verified
der Appetit,noun,A1,der,Appetit,,,0,0,,,,,0,Guten Appetit!,Enjoy your meal!,der Appetit	Guten Appetit!	Enjoy your meal!,verified
arbeiten,verb,A1,,arbeiten,,,0,0,,,,,0,Wo arbeiten Sie?,Where do you work?,arbeiten	Wo arbeiten Sie?	Where do you work?,
die Arbeit,noun,A1,die,Arbeit,Arbeiten,-en,0,0,,,,,0,Mein Bruder sucht Arbeit.,My brother is looking for work.,"die Arbeit, -en	Mein Bruder sucht Arbeit.	My brother is looking for work.",verified
arbeitslos,other,A1,,arbeitslos,,,0,0,,,,,0,"Es gibt bei uns viele Leute, die schon lange arbeitslos sind.",There are many people here who have been unemployed for a long time.,"arbeitslos	Es gibt bei uns viele Leute, die schon lange arbeitslos sind.	There are many people here who have been unemployed for a long time.",
der Arbeitsplatz,noun,A1,der,Arbeitsplatz,Arbeitsplätze,"-ä, e",0,0,,,,,0,An meinem Arbeitsplatz fehlt ein Drucker.,A printer is missing at my workplace.,"der Arbeitsplatz, -ä, e	An meinem Arbeitsplatz fehlt ein Drucker.	A printer is missing at my workplace.",verified
der Arm,noun,A1,der,Arm,Arme,-e,0,0,,,,,0,Mein Arm tut weh.,My arm hurts.,"der Arm, -e	Mein Arm tut weh.	My arm hurts.",verified
der Arzt,noun,A1,der,Arzt,Ärzte,"-Ä, e",0,0,,,,,0,Morgen habe ich einen Termin bei meiner Ärztin.,I have an appointment with my doctor tomorrow.,"der Arzt, -Ä, e	Morgen habe ich einen Termin bei meiner Ärztin.	I have an appointment with my doctor tomorrow.",verified
auch,other,A1,,auch,,,0,0,,,,,0,Ich bin auch Spanier.,I am also Spanish.,auch	Ich bin auch Spanier.	I am also Spanish.,
auf,preposition,A1,,auf,,,0,0,wechsel,,,,0,Die Kinder spielen auf der Straße.,The children are playing on the street.,auf(1)	Die Kinder spielen auf der Straße.	The children are playing on the street.,
auf sein,other,A1,,auf sein,,,0,0,,,,,0,Du brauchst den Schlüssel nicht. Die Wohnung ist auf.,You don't need the key. The apartment is unlocked.,auf sein	Du brauchst den Schlüssel nicht. Die Wohnung ist auf.	You don't need the key. The apartment is unlocked.,
aufstehen,verb,A1,,aufstehen,,,0,0,,aufgestanden,sein,steht auf,1,Ich muss immer um vier Uhr aufstehen.,I always have to get up at four o'clock.,aufstehen(1)	Ich muss immer um vier Uhr aufstehen.	I always have to get up at four o'clock.,
der Aufzug,noun,A1,der,Aufzug,Aufzüge,"-ü, e",0,0,,,,,0,In diesem Haus gibt es keinen Aufzug.,There is no elevator in this building.,"der Aufzug, -ü, e	In diesem Haus gibt es keinen Aufzug.	There is no elevator in this building.",verified
das Auge,noun,A1,das,Auge,Augen,-n,0,0,,,,,0,Er hat blaue Augen.,He has blue eyes.,"das Auge, -n	Er hat blaue Augen.	He has blue eyes.",verified
aus,preposition,A1,,aus,,,0,0,dativ,,,,0,Er kommt aus Brasilien.,He comes from Brazil.,aus	Er kommt aus Brasilien.	He comes from Brazil.,
der Ausflug,noun,A1,der,Ausflug,Ausflüge,¨-e,0,0,,,,,0,Morgen machen wir einen Ausflug nach Heidelberg.,Tomorrow we are going on a trip to Heidelberg.,der Ausflug	Morgen machen wir einen Ausflug nach Heidelberg.	Tomorrow we are going on a trip to Heidelberg.,verified
ausfüllen,verb,A1,,ausfüllen,,,0,0,,ausgefüllt,haben,füllt aus,1,Füllen Sie bitte dieses Formular aus.,Please fill out this form.,ausfüllen	Füllen Sie bitte dieses Formular aus.	Please fill out this form.,
der Ausgang,noun,A1,der,Ausgang,Ausgänge,¨-e,0,0,,,,,0,Wo ist der Ausgang?,Where is the exit?,der Ausgang	Wo ist der Ausgang?	Where is the exit?,verified
die Auskunft,noun,A1,die,Auskunft,Auskünfte,"-ü, e",0,0,,,,,0,Können Sie mir eine Auskunft geben?,Can you give me information?,"die Auskunft, -ü, e	Können Sie mir eine Auskunft geben?	Can you give me information?",verified
das Ausland,noun,A1,das,Ausland,,,1,0,,,,,0,Fahren Sie ins Ausland?,Are you going abroad?,das Ausland	Fahren Sie ins Ausland?	Are you going abroad?,verified
der Ausländer,noun,A1,der,Ausländer,Ausländer,-,0,0,,,,,0,Sind Sie Ausländerin?,Are you a foreigner?,"der Ausländer, -	Sind Sie Ausländerin?	Are you a foreigner?",verified
ausländisch,other,A1,,ausländisch,,,0,0,,,,,0,Leider habe ich nur ausländisches Geld.,"Unfortunately, I only have foreign money.","ausländisch	Leider habe ich nur ausländisches Geld.	Unfortunately, I only have foreign money.",
ausmachen,verb,A1,,ausmachen,,,0,0,,ausgemacht,haben,macht aus,1,Mach bitte das Licht aus!,Please turn off the light.,ausmachen	Mach bitte das Licht aus!	Please turn off the light.,
die Aussage,noun,A1,die,Aussage,Aussagen,-n,0,0,,,,,0,Ist die Aussage richtig oder falsch?,Is the statement correct or incorrect?,"die Aussage, -n	Ist die Aussage richtig oder falsch?	Is the statement correct or incorrect?",verified
aussehen,verb,A1,,aussehen,,,0,0,,ausgesehen,haben,,1,Das sieht schön aus.,That looks nice.,aussehen	Das sieht schön aus.	That looks nice.,
aus sein,other,A1,,aus sein,,,0,0,,,,,0,Das Licht ist aus.,The light is off.,aus sein(1)	Das Licht ist aus.	The light is off.,
aussteigen,verb,A1,,aussteigen,,,0,0,,ausgestiegen,sein,steigt aus,1,Wo muss ich aussteigen?,Where do I need to get off?,aussteigen	Wo muss ich aussteigen?	Where do I need to get off?,
der Ausweis,noun,A1,der,Ausweis,Ausweise,-e,0,0,,,,,0,Hier ist mein Ausweis.,Here is my ID.,der Ausweis	Hier ist mein Ausweis.	Here is my ID.,verified
ausziehen,verb,A1,,ausziehen,,,0,0,,,,,1,"Zieh die Schuhe aus, bitte!","Take off your shoes, please!","(sich) ausziehen	Zieh die Schuhe aus, bitte!	Take off your shoes, please!",
das Auto,noun,A1,das,Auto,Autos,-s,0,0,,,,,0,Er kommt mit dem Auto.,He comes by car.,"das Auto, -s	Er kommt mit dem Auto.	He comes by car.",verified
die Autobahn,noun,A1,die,Autobahn,Autobahnen,-en,0,0,,,,,0,Wo geht‘s hier bitte zur Autobahn?,"Where is the motorway, please?","die Autobahn, -en	Wo geht‘s hier bitte zur Autobahn?	Where is the motorway, please?",verified
der Automat,noun,A1,der,Automat,Automaten,-en,0,0,,,,,0,Die Fahrkarten gibt es nur am Automaten.,Tickets are only available at the vending machine.,der Automat	Die Fahrkarten gibt es nur am Automaten.	Tickets are only available at the vending machine.,verified
automatisch,other,A1,,automatisch,,,0,0,,,,,0,Du musst nichts machen. Das geht automatisch.,You don't have to do anything. It happens automatically.,automatisch	Du musst nichts machen. Das geht automatisch.	You don't have to do anything. It happens automatically.,
das Baby,noun,A1,das,Baby,Babys,-s,0,0,,,,,0,Mein Kind ist noch ein Baby.,My child is still a baby.,"das Baby, -s	Mein Kind ist noch ein Baby.	My child is still a baby.",verified
die Bäckerei,noun,A1,die,Bäckerei,Bäckereien,-en,0,0,,,,,0,Ich geh mal schnell zur Bäckerei.,I'll quickly go to the bakery.,die Bäckerei	Ich geh mal schnell zur Bäckerei.	I'll quickly go to the bakery.,verified
das Bad,noun,A1,das,Bad,Bäder,¨-er,0,0,,,,,0,Wir haben kein großes Bad.,We don't have a big bathroom.,das Bad	Wir haben kein großes Bad.	We don't have a big bathroom.,verified
baden,verb,A1,,baden,,,0,0,,gebadet,haben,,0,"Ich bade nicht so gern, ich dusche lieber.",I don't like bathing much; I prefer showering.,"baden	Ich bade nicht so gern, ich dusche lieber.	I don't like bathing much; I prefer showering.",
die Bahn,noun,A1,die,Bahn,Bahnen,-en,0,0,,,,,0,Wir fahren lieber mit der Bahn.,We prefer traveling by train.,die Bahn(1)	Wir fahren lieber mit der Bahn.	We prefer traveling by train.,verified
der Bahnhof,noun,A1,der,Bahnhof,Bahnhöfe,¨-e,0,0,,,,,0,Komme ich hier zum Bahnhof?,Am I here for the train station?,der Bahnhof	Komme ich hier zum Bahnhof?	Am I here for the train station?,verified
der Bahnsteig,noun,A1,der,Bahnsteig,Bahnsteige,-e,0,0,,,,,0,Auf welchem Bahnsteig fährt der Zug?,On which platform does the train depart?,der Bahnsteig	Auf welchem Bahnsteig fährt der Zug?	On which platform does the train depart?,verified
bald,other,A1,,bald,,,0,0,,,,,0,Ich komme bald.,I'll come soon.,bald	Ich komme bald.	I'll come soon.,
der Balkon,noun,A1,der,Balkon,Balkons,wiktionary,0,0,,,,,0,Die Wohnung hat auch einen kleinen Balkon.,The apartment also has a small balcony.,der Balkon	Die Wohnung hat auch einen kleinen Balkon.	The apartment also has a small balcony.,verified
die Banane,noun,A1,die,Banane,Bananen,-n,0,0,,,,,0,"Drei Bananen, bitte!","Three bananas, please!","die Banane, -n	Drei Bananen, bitte!	Three bananas, please!",verified
die Bank,noun,A1,die,Bank,Bänke,wiktionary,0,0,,,,,0,Die Bank schließt schon um vier Uhr.,The bank closes at four o'clock.,die Bank(1)	Die Bank schließt schon um vier Uhr.	The bank closes at four o'clock.,verified
bar,other,A1,,bar,,,0,0,,,,,0,Muss ich bar zahlen oder geht‘s auch mit Karte?,Do I have to pay in cash or can I use a card?,bar	Muss ich bar zahlen oder geht‘s auch mit Karte?	Do I have to pay in cash or can I use a card?,
der Bauch,noun,A1,der,Bauch,Bäuche,¨-e,0,0,,,,,0,Seit gestern tut mir der Bauch weh.,My stomach has been hurting since yesterday.,der Bauch	Seit gestern tut mir der Bauch weh.	My stomach has been hurting since yesterday.,verified
der Baum,noun,A1,der,Baum,Bäume,"-ä, e",0,0,,,,,0,"Vorsicht, fahr nicht an den Baum!","Careful, don’t drive into the tree!","der Baum, -ä, e	Vorsicht, fahr nicht an den Baum!	Careful, don’t drive into the tree!",verified
der Beamte,noun,A1,der,Beamte,Beamten,-n,0,0,,,,,0,Fragen Sie die Beamtin am Schalter acht!,Ask the female official at counter eight!,"der Beamte, -n	Fragen Sie die Beamtin am Schalter acht!	Ask the female official at counter eight!",unverified
bedeuten,verb,A1,,bedeuten,,,0,0,,bedeutet,haben,bedeutet,0,Was bedeutet das Wort?,What does the word mean?,bedeuten	Was bedeutet das Wort?	What does the word mean?,
beginnen,verb,A1,,beginnen,,,0,0,,begonnen,haben,beginnt,0,Das Spiel beginnt um 15.30 Uhr.,The game starts at 3:30 PM.,beginnen	Das Spiel beginnt um 15.30 Uhr.	The game starts at 3:30 PM.,
bei,preposition,A1,,bei,,,0,0,dativ,,,,0,Offenbach liegt bei Frankfurt.,Offenbach is near Frankfurt.,bei(1)	Offenbach liegt bei Frankfurt.	Offenbach is near Frankfurt.,
beide,other,A1,,beide,,,0,0,,,,,0,Beide Eltern arbeiten.,Both parents work.,beide	Beide Eltern arbeiten.	Both parents work.,
das Bein,noun,A1,das,Bein,Beine,-e,0,0,,,,,0,Mein rechtes Bein tut weh.,My right leg hurts.,"das Bein, -e	Mein rechtes Bein tut weh.	My right leg hurts.",verified
das Beispiel,noun,A1,das,Beispiel,Beispiele,-e,0,0,,,,,0,Kannst du mir ein Beispiel sagen?,Can you give me an example?,"das Beispiel, -e	Kannst du mir ein Beispiel sagen?	Can you give me an example?",verified
zum Beispiel/z. B.,other,A1,,zum Beispiel/z. B.,,,0,0,,,,,0,"Viele meiner Verwandten, z. B. meine beiden Brüder, arbeiten auch hier.","Many of my relatives, e.g., my two brothers, also work here.","zum Beispiel/z. B.	Viele meiner Verwandten, z. B. meine beiden Brüder, arbeiten auch hier.	Many of my relatives, e.g., my two brothers, also work here.",
bekannt,other,A1,,bekannt,,,0,0,,,,,0,Picasso ist sehr bekannt.,Picasso is very well known.,bekannt	Picasso ist sehr bekannt.	Picasso is very well known.,
der,other,A1,,der,,,0,0,,,,,0,Ein Bekannter von mir heißt Klaus.,A friend of mine is named Klaus.,der/die Bekannte	Ein Bekannter von mir heißt Klaus.	A friend of mine is named Klaus.,
die Bekannte,noun,A1,die,Bekannte,,,0,0,,,,,0,Ein Bekannter von mir heißt Klaus.,A friend of mine is named Klaus.,der/die Bekannte	Ein Bekannter von mir heißt Klaus.	A friend of mine is named Klaus.,verified
bekommen,verb,A1,,bekommen,,,0,0,,bekommen,haben,,0,Haben Sie meinen Brief bekommen?,Did you receive my letter?,bekommen(1)	Haben Sie meinen Brief bekommen?	Did you receive my letter?,
benutzen,verb,A1,,benutzen,,,0,0,,benutzt,haben,benutzt,0,Die Aufzüge bitte nicht benutzen!,Please do not use the elevators.,benutzen	Die Aufzüge bitte nicht benutzen!	Please do not use the elevators.,
der Beruf,noun,A1,der,Beruf,Berufe,-e,0,0,,,,,0,Was sind Sie von Beruf?,What is your profession?,"der Beruf, -e	Was sind Sie von Beruf?	What is your profession?",verified
besetzt,other,A1,,besetzt,,,0,0,,,,,0,Die Nummer ist immer besetzt.,The number is always busy.,besetzt(1)	Die Nummer ist immer besetzt.	The number is always busy.,
besichtigen,verb,A1,,besichtigen,,,0,0,,besichtigt,haben,,0,Ich möchte gern den Dom besichtigen.,I would like to visit the cathedral.,besichtigen	Ich möchte gern den Dom besichtigen.	I would like to visit the cathedral.,
besser,other,A1,,besser,,,0,0,,,,,0,Es geht mir schon besser.,I’m already feeling better.,besser(1)	Es geht mir schon besser.	I’m already feeling better.,
best-,other,A1,,best-,,,0,0,,,,,0,Am besten treffen wir uns morgen.,It’s best if we meet tomorrow.,best-(1)	Am besten treffen wir uns morgen.	It’s best if we meet tomorrow.,
bestellen,verb,A1,,bestellen,,,0,0,,bestellt,haben,,0,"Wir möchten bestellen, bitte.","We would like to order, please.","bestellen(1)	Wir möchten bestellen, bitte.	We would like to order, please.",
besuchen,verb,A1,,besuchen,,,0,0,,besucht,haben,,0,Darf ich dich besuchen?,May I visit you?,besuchen	Darf ich dich besuchen?	May I visit you?,
das Bett,noun,A1,das,Bett,Betten,-en,0,0,,,,,0,Wir brauchen noch ein Kinderbett.,We need an extra crib.,"das Bett, -en	Wir brauchen noch ein Kinderbett.	We need an extra crib.",verified
bezahlen,verb,A1,,bezahlen,,,0,0,,bezahlt,haben,,0,Wo muss ich bezahlen?,Where do I need to pay?,bezahlen	Wo muss ich bezahlen?	Where do I need to pay?,
das Bier,noun,A1,das,Bier,Biere,-e,0,0,,,,,0,Noch ein Bier bitte.,"Another beer, please.","das Bier	Noch ein Bier bitte.	Another beer, please.",verified
das Bild,noun,A1,das,Bild,Bilder,-er,0,0,,,,,0,Hast du ein Bild von deinem Sohn?,Do you have a picture of your son?,"das Bild, -er	Hast du ein Bild von deinem Sohn?	Do you have a picture of your son?",verified
billig,other,A1,,billig,,,0,0,,,,,0,Die Jacke kostet nur 10 Euro!,The jacket costs only 10 euros!,billig(1)	Die Jacke kostet nur 10 Euro!	The jacket costs only 10 euros!,
die Birne,noun,A1,die,Birne,Birnen,-n,0,0,,,,,0,"Ein Kilo Birnen, bitte!","A kilo of pears, please!","die Birne, -n	Ein Kilo Birnen, bitte!	A kilo of pears, please!",verified
bis,other,A1,,bis,,,0,0,,,,,0,Ich fahre nur bis Stuttgart.,I only travel as far as Stuttgart.,bis(1)	Ich fahre nur bis Stuttgart.	I only travel as far as Stuttgart.,
bisschen,verb,A1,,bisschen,,,0,0,,,,,0,"Ich spreche Englisch, Französisch und ein bisschen Deutsch.","I speak English, French, and a little German.","bisschen	Ich spreche Englisch, Französisch und ein bisschen Deutsch.	I speak English, French, and a little German.",
bitte,other,A1,,bitte,,,0,0,,,,,0,"Eine Tasse Kaffee, bitte!","A cup of coffee, please!","bitte(1)	Eine Tasse Kaffee, bitte!	A cup of coffee, please!",
die Bitte,noun,A1,die,Bitte,Bitten,-n,0,0,,,,,0,Ich habe noch eine Bitte.,I have one more request.,"die Bitte, -n	Ich habe noch eine Bitte.	I have one more request.",verified
bitten,verb,A1,,bitten,,,0,0,,gebeten,haben,bittet,0,Darf ich Sie um etwas bitten?,May I ask you for something?,bitten	Darf ich Sie um etwas bitten?	May I ask you for something?,
bitter,other,A1,,bitter,,,0,0,,,,,0,Der Kaffee schmeckt bitter.,The coffee tastes bitter.,bitter	Der Kaffee schmeckt bitter.	The coffee tastes bitter.,
bleiben,verb,A1,,bleiben,,,0,0,,geblieben,sein,bleibt,0,Ich bleibe heute zu Hause.,I am staying home today.,bleiben(1)	Ich bleibe heute zu Hause.	I am staying home today.,
der Bleistift,noun,A1,der,Bleistift,Bleistifte,-e,0,0,,,,,0,Hast du einen Bleistift?,Do you have a pencil?,"der Bleistift, -e	Hast du einen Bleistift?	Do you have a pencil?",verified
der Blick,noun,A1,der,Blick,Blicke,wiktionary,0,0,,,,,0,Von diesem Hotel hat man einen guten Blick auf den Rhein.,"From this hotel, you have a good view of the Rhine.","der Blick	Von diesem Hotel hat man einen guten Blick auf den Rhein.	From this hotel, you have a good view of the Rhine.",verified
die Blume,noun,A1,die,Blume,Blumen,-n,0,0,,,,,0,Gefallen dir die Blumen?,Do you like the flowers?,"die Blume, -n	Gefallen dir die Blumen?	Do you like the flowers?",verified
der Bogen,noun,A1,der,Bogen,Bogen,wiktionary,0,0,,,,,0,Schreiben Sie Ihre Lösungen bitte auf den Antwortbogen.,Please write your answers on the answer sheet.,der Bogen	Schreiben Sie Ihre Lösungen bitte auf den Antwortbogen.	Please write your answers on the answer sheet.,verified
böse,other,A1,,böse,,,0,0,,,,,0,Sie ist böse auf mich.,She is angry with me.,böse	Sie ist böse auf mich.	She is angry with me.,
brauchen,verb,A1,,brauchen,,,0,0,,gebraucht,haben,,0,Brauchst du die Zeitung noch?,Do you still need the newspaper?,brauchen	Brauchst du die Zeitung noch?	Do you still need the newspaper?,
breit,other,A1,,breit,,,0,0,,,,,0,Wie breit ist der Schrank?,How wide is the cupboard?,breit	Wie breit ist der Schrank?	How wide is the cupboard?,
der Brief,noun,A1,der,Brief,Briefe,-e,0,0,,,,,0,Haben Sie einen Brief für mich?,Do you have a letter for me?,"der Brief, -e	Haben Sie einen Brief für mich?	Do you have a letter for me?",verified
die Briefmarke,noun,A1,die,Briefmarke,Briefmarken,-n,0,0,,,,,0,Kaufst du bitte Briefmarken bei der Post.,Please buy stamps at the post office.,"die Briefmarke, -n	Kaufst du bitte Briefmarken bei der Post.	Please buy stamps at the post office.",verified
bringen,verb,A1,,bringen,,,0,0,,gebracht,haben,,0,Bringen Sie mir bitte noch einen Kaffee!,Please bring me another coffee!,bringen(1)	Bringen Sie mir bitte noch einen Kaffee!	Please bring me another coffee!,
das Brot,noun,A1,das,Brot,Brote,-e,0,0,,,,,0,Haben Sie auch Weißbrot?,Do you also have white bread?,"das Brot, -e(1) 	Haben Sie auch Weißbrot?	Do you also have white bread?",verified
das Brötchen,noun,A1,das,Brötchen,Brötchen,-,0,0,,,,,0,Möchtest du Brötchen zum Frühstück?,Do you want rolls for breakfast?,das Brötchen	Möchtest du Brötchen zum Frühstück?	Do you want rolls for breakfast?,verified
der Bruder,noun,A1,der,Bruder,Brüder,-ü,0,0,,,,,0,Sein Bruder arbeitet auch hier.,His brother also works here.,"der Bruder, -ü	Sein Bruder arbeitet auch hier.	His brother also works here.",verified
das Buch,noun,A1,das,Buch,Bücher,"-ü, er",0,0,,,,,0,Gute Bücher sind oft sehr teuer.,Good books are often very expensive.,"das Buch, -ü, er(1)	Gute Bücher sind oft sehr teuer.	Good books are often very expensive.",verified
der Buchstabe,noun,A1,der,Buchstabe,Buchstaben,-n,0,0,,,,,0,Diesen Buchstaben gibt es in meiner Sprache nicht.,This letter doesn’t exist in my language.,"der Buchstabe, -n	Diesen Buchstaben gibt es in meiner Sprache nicht.	This letter doesn’t exist in my language.",verified
buchstabieren,verb,A1,,buchstabieren,,,0,0,,buchstabiert,haben,buchstabiert,0,Bitte buchstabieren Sie Ihren Namen.,Please spell your name.,buchstabieren	Bitte buchstabieren Sie Ihren Namen.	Please spell your name.,
der Bus,noun,A1,der,Bus,Busse,-se,0,0,,,,,0,Wann kommt der nächste Bus?,When is the next bus coming?,"der Bus, -se	Wann kommt der nächste Bus?	When is the next bus coming?",verified
die Butter,noun,A1,die,Butter,,,1,0,,,,,0,Für mich bitte ein Brötchen mit Butter und Käse.,"For me, a roll with butter and cheese, please.","die Butter	Für mich bitte ein Brötchen mit Butter und Käse.	For me, a roll with butter and cheese, please.",verified
das Café,noun,A1,das,Café,Cafés,-s,0,0,,,,,0,Sollen wir uns im Café treffen?,Shall we meet at the café?,"das Café, -s	Sollen wir uns im Café treffen?	Shall we meet at the café?",verified
die CD,noun,A1,die,CD,CDs,-s,0,0,,,,,0,Bring bitte deine Lieblings-CD mit.,Please bring your favorite CD.,"die CD, -s	Bring bitte deine Lieblings-CD mit.	Please bring your favorite CD.",verified
der Chef,noun,A1,der,Chef,Chefs,-s,0,0,,,,,0,Wir haben eine neue Chefin.,We have a new female boss.,der Chef	Wir haben eine neue Chefin.	We have a new female boss.,verified
circa/ca.,other,A1,,circa/ca.,,,0,0,,,,,0,Von Mainz nach Frankfurt sind es circa fünfzig Kilometer.,From Mainz to Frankfurt is approximately fifty kilometers.,circa/ca.	Von Mainz nach Frankfurt sind es circa fünfzig Kilometer.	From Mainz to Frankfurt is approximately fifty kilometers.,
der Computer,noun,A1,der,Computer,Computer,-,0,0,,,,,0,Wann bekommst du deinen neuen Computer?,When will you get your new computer?,der Computer	Wann bekommst du deinen neuen Computer?	When will you get your new computer?,verified
da,other,A1,,da,,,0,0,,,,,0,Da hinten ist er ja.,There he is over there.,da(1)	Da hinten ist er ja.	There he is over there.,
die Dame,noun,A1,die,Dame,Damen,-n,0,0,,,,,0,Damen (an der Toilette),Ladies (at the toilet),"die Dame, -n(1)	Damen (an der Toilette)	Ladies (at the toilet)",verified
daneben,verb,A1,,daneben,,,0,0,,,,,0,Du kennst doch die Post. Daneben ist die Bank.,You know the post office. Next to it is the bank.,daneben	Du kennst doch die Post. Daneben ist die Bank.	You know the post office. Next to it is the bank.,
danken,verb,A1,,danken,,,0,0,,,,,0,Ich danke Ihnen für die Einladung.,Thank you for the invitation.,danken	Ich danke Ihnen für die Einladung.	Thank you for the invitation.,
der Dank,noun,A1,der,Dank,,,1,0,,,,,0,Vielen Dank!,Many thanks!,der Dank(1)	Vielen Dank!	Many thanks!,verified
danke,other,A1,,danke,,,0,0,,,,,0,"Soll ich Ihnen helfen? - Nein, danke!","Should I help you? - No, thank you!","danke	Soll ich Ihnen helfen? - Nein, danke!	Should I help you? - No, thank you!",
dann,other,A1,,dann,,,0,0,,,,,0,"Ich muss noch schnell zur Post, dann komme ich.","I need to quickly go to the post office, then I'll come.","dann	Ich muss noch schnell zur Post, dann komme ich.	I need to quickly go to the post office, then I'll come.",
das Datum,noun,A1,das,Datum,Daten,wiktionary,0,0,,,,,0,Bitte schreiben Sie noch das Datum auf das Formular.,Please also write the date on the form.,das Datum	Bitte schreiben Sie noch das Datum auf das Formular.	Please also write the date on the form.,verified
dauern,verb,A1,,dauern,,,0,0,,,,,0,Wie lange dauert der Film?,How long does the movie last?,dauern	Wie lange dauert der Film?	How long does the movie last?,
dein-,other,A1,,dein-,,,0,0,,,,,0,Ist das dein Auto?,Is that your car?,dein-(1)	Ist das dein Auto?	Is that your car?,
denn,other,A1,,denn,,,0,0,,,,,0,"Ich kann nicht kommen, denn ich bin krank.",I can’t come because I’m sick.,"denn	Ich kann nicht kommen, denn ich bin krank.	I can’t come because I’m sick.",
"der, die, das",other,A1,,"der, die, das",,,0,0,,,,,0,Ich nehme das da.,I’ll take that one there.,"der, die, das(1)	Ich nehme das da.	I’ll take that one there.",
dich,other,A1,,dich,,,0,0,,,,,0,Die Blumen sind für dich.,The flowers are for you.,dich	Die Blumen sind für dich.	The flowers are for you.,
dies-,other,A1,,dies-,,,0,0,,,,,0,Ich nehme lieber diesen Kuchen.,I’d prefer to take this cake.,dies-(1)	Ich nehme lieber diesen Kuchen.	I’d prefer to take this cake.,
dir,other,A1,,dir,,,0,0,,,,,0,Gefallen dir die Blumen?,Do you like the flowers?,dir	Gefallen dir die Blumen?	Do you like the flowers?,
die Disco,noun,A1,die,Disco,Discos,-s,0,0,,,,,0,Heute Abend gehen wir in die Disco tanzen.,"Tonight, we’re going to dance at the disco.","die Disco	Heute Abend gehen wir in die Disco tanzen.	Tonight, we’re going to dance at the disco.",verified
der Doktor,noun,A1,der,Doktor,Doktoren,wiktionary,0,0,,,,,0,Meine Tochter ist krank. Wir gehen zum Doktor.,My daughter is sick. We’re going to the doctor.,der Doktor	Meine Tochter ist krank. Wir gehen zum Doktor.	My daughter is sick. We’re going to the doctor.,verified
das Doppelzimmer,noun,A1,das,Doppelzimmer,Doppelzimmer,-,0,0,,,,,0,Wollen Sie ein Doppelzimmer oder ein Einzelzimmer?,Would you like a double room or a single room?,das Doppelzimmer	Wollen Sie ein Doppelzimmer oder ein Einzelzimmer?	Would you like a double room or a single room?,verified
das Dorf,noun,A1,das,Dorf,Dörfer,"-ö, er",0,0,,,,,0,Meine Familie lebt in einem Dorf.,My family lives in a village.,"das Dorf, -ö, er	Meine Familie lebt in einem Dorf.	My family lives in a village.",verified
"dort, -her, -hin",other,A1,,"dort, -her, -hin",,,0,0,,,,,0,Deine Tasche kannst du dorthin stellen.,You can place your bag over there.,"dort, -her, -hin(1)	Deine Tasche kannst du dorthin stellen.	You can place your bag over there.",
draußen,verb,A1,,draußen,,,0,0,,,,,0,Wollen wir draußen sitzen?,Do we want to sit outside?,draußen	Wollen wir draußen sitzen?	Do we want to sit outside?,
drucken,verb,A1,,drucken,,,0,0,,,,,0,Bitte drucke das Formular für mich.,Please print the form for me.,drucken	Bitte drucke das Formular für mich.	Please print the form for me.,
der Drucker,noun,A1,der,Drucker,Drucker,-,0,0,,,,,0,Mein Drucker ist kaputt.,My printer is broken.,der Drucker	Mein Drucker ist kaputt.	My printer is broken.,verified
drücken,verb,A1,,drücken,,,0,0,,,,,0,"Drück hier, dann geht der Computer an.","Press here, then the computer will turn on.","drücken	Drück hier, dann geht der Computer an.	Press here, then the computer will turn on.",
durch,preposition,A1,,durch,,,0,0,akkusativ,,,,0,Am besten gehen Sie durch die Breite Straße.,It’s best to go through Breite Street.,durch	Am besten gehen Sie durch die Breite Straße.	It’s best to go through Breite Street.,
die Durchsage,noun,A1,die,Durchsage,Durchsagen,-n,0,0,,,,,0,Ich habe die Durchsage nicht verstanden.,I didn’t understand the announcement.,"die Durchsage, -n	Ich habe die Durchsage nicht verstanden.	I didn’t understand the announcement.",verified
dürfen,verb,A1,,dürfen,,,0,0,,,,,0,Sie dürfen hier nicht rauchen.,You’re not allowed to smoke here.,dürfen(1)	Sie dürfen hier nicht rauchen.	You’re not allowed to smoke here.,
der Durst,noun,A1,der,Durst,,,1,0,,,,,0,Hast du etwas zu trinken? Ich habe großen Durst.,Do you have something to drink? I’m very thirsty.,der Durst	Hast du etwas zu trinken? Ich habe großen Durst.	Do you have something to drink? I’m very thirsty.,verified
duschen,verb,A1,,duschen,,,0,0,,,,,0,"Ich bade nicht so gern, ich dusche lieber.",I don’t like bathing much; I prefer showering.,"(sich) duschen	Ich bade nicht so gern, ich dusche lieber.	I don’t like bathing much; I prefer showering.",
die Dusche,noun,A1,die,Dusche,Duschen,-n,0,0,,,,,0,Unsere Wohnung hat nur eine Dusche.,Our apartment only has a shower.,die Dusche	Unsere Wohnung hat nur eine Dusche.	Our apartment only has a shower.,verified
die Ecke,noun,A1,die,Ecke,Ecken,-n,0,0,,,,,0,An der nächsten Ecke links.,Turn left at the next corner.,"die Ecke, -n	An der nächsten Ecke links.	Turn left at the next corner.",verified
die Ehefrau,noun,A1,die,Ehefrau,Ehefrauen,-en,0,0,,,,,0,Das ist mein (Ehe-) Mann/meine (Ehe-) Frau.,This is my (married) man/my (married) woman.,"die Ehefrau, -en/der Ehemann, -ä, er	Das ist mein (Ehe-) Mann/meine (Ehe-) Frau.	This is my (married) man/my (married) woman.",verified
der Ehemann,noun,A1,der,Ehemann,Ehemänner,"-ä, er",0,0,,,,,0,Das ist mein (Ehe-) Mann/meine (Ehe-) Frau.,This is my (married) man/my (married) woman.,"die Ehefrau, -en/der Ehemann, -ä, er	Das ist mein (Ehe-) Mann/meine (Ehe-) Frau.	This is my (married) man/my (married) woman.",verified
das Ei,noun,A1,das,Ei,Eier,-er,0,0,,,,,0,Möchtest du ein Ei zum Frühstück?,Would you like an egg for breakfast?,"das Ei, -er	Möchtest du ein Ei zum Frühstück?	Would you like an egg for breakfast?",verified
eilig,other,A1,,eilig,,,0,0,,,,,0,Hast du es eilig?,Are you in a hurry?,eilig	Hast du es eilig?	Are you in a hurry?,
ein-,other,A1,,ein-,,,0,0,,,,,0,Ich nehme ein Bier. Willst du auch eins?,I'll have a beer. Do you want one too?,ein-(1)	Ich nehme ein Bier. Willst du auch eins?	I'll have a beer. Do you want one too?,
einfach,other,A1,,einfach,,,0,0,,,,,0,Die Prüfung ist ganz einfach.,The exam is very simple.,einfach(1)	Die Prüfung ist ganz einfach.	The exam is very simple.,
der Eingang,noun,A1,der,Eingang,Eingänge,¨-e,0,0,,,,,0,Der Eingang ist um die Ecke.,The entrance is around the corner.,der Eingang	Der Eingang ist um die Ecke.	The entrance is around the corner.,verified
einkaufen,verb,A1,,einkaufen,,,0,0,,,,,1,Ich muss noch für morgen einkaufen.,I still need to shop for tomorrow.,einkaufen	Ich muss noch für morgen einkaufen.	I still need to shop for tomorrow.,
einladen,verb,A1,,einladen,,,0,0,,,,,1,Darf ich Sie zu einem Kaffee einladen?,May I invite you for a coffee?,einladen	Darf ich Sie zu einem Kaffee einladen?	May I invite you for a coffee?,
die Einladung,noun,A1,die,Einladung,Einladungen,wiktionary,0,0,,,,,0,Danke für die Einladung!,Thank you for the invitation!,die Einladung	Danke für die Einladung!	Thank you for the invitation!,verified
einmal,other,A1,,einmal,,,0,0,,,,,0,Diese Prüfung mache ich nicht noch einmal.,I won't take this exam again.,einmal	Diese Prüfung mache ich nicht noch einmal.	I won't take this exam again.,
einsteigen,verb,A1,,einsteigen,,,0,0,,,,,1,"Schnell, steig ein, der Zug fährt gleich.","Quick, get in, the train is leaving soon.","einsteigen	Schnell, steig ein, der Zug fährt gleich.	Quick, get in, the train is leaving soon.",
der Eintritt,noun,A1,der,Eintritt,Eintritte,-e,0,0,,,,,0,Der Preis für den Eintritt ist 5 Euro.,The entrance fee is 5 euros.,der Eintritt	Der Preis für den Eintritt ist 5 Euro.	The entrance fee is 5 euros.,verified
das Einzelzimmer,noun,A1,das,Einzelzimmer,Einzelzimmer,wiktionary,0,0,,,,,0,Haben Sie noch ein Einzelzimmer?,Do you have a single room available?,das Einzelzimmer	Haben Sie noch ein Einzelzimmer?	Do you have a single room available?,verified
die Eltern,noun,A1,die,Eltern,Eltern,wiktionary,0,1,,,,,0,Meine Eltern leben in Spanien.,My parents live in Spain.,die Eltern (pl.)	Meine Eltern leben in Spanien.	My parents live in Spain.,verified
die E-Mail,noun,A1,die,E-Mail,E-Mails,-s,0,0,,,,,0,Ich habe Ihre E-Mail nicht bekommen.,I didn’t receive your email.,"die E-Mail, -s	Ich habe Ihre E-Mail nicht bekommen.	I didn’t receive your email.",verified
der Empfänger,noun,A1,der,Empfänger,Empfänger,–,0,0,,,,,0,"Auf dem Brief steht dein Name, also bist du der Empfänger.","Your name is on the letter, so you are the recipient.","der Empfänger, –	Auf dem Brief steht dein Name, also bist du der Empfänger.	Your name is on the letter, so you are the recipient.",verified
empfehlen,verb,A1,,empfehlen,,,0,0,,,,,0,Welchen Wein können Sie mir empfehlen?,Which wine can you recommend to me?,empfehlen	Welchen Wein können Sie mir empfehlen?	Which wine can you recommend to me?,
enden,verb,A1,,enden,,,0,0,,,,,0,Die Straße endet hier.,The street ends here.,enden	Die Straße endet hier.	The street ends here.,
das Ende,noun,A1,das,Ende,Enden,-n,0,0,,,,,0,Sie wohnt am Ende der Straße.,She lives at the end of the street.,das Ende(1)	Sie wohnt am Ende der Straße.	She lives at the end of the street.,verified
entschuldigen,verb,A1,,entschuldigen,,,0,0,,,,,0,Entschuldigen Sie bitte!,Please excuse me!,entschuldigen	Entschuldigen Sie bitte!	Please excuse me!,
die Entschuldigung,noun,A1,die,Entschuldigung,Entschuldigungen,-en,0,0,,,,,0,Entschuldigung! – Bitte.,Apologies! – Please.,die Entschuldigung	Entschuldigung! – Bitte.	Apologies! – Please.,verified
er,other,A1,,er,,,0,0,,,,,0,Er heißt Ali.,His name is Ali.,er	Er heißt Ali.	His name is Ali.,
das Ergebnis,noun,A1,das,Ergebnis,Ergebnisse,-se,0,0,,,,,0,Das Ergebnis des Tests bekommen Sie in zwei Wochen.,You will receive the test results in two weeks.,"das Ergebnis, -se	Das Ergebnis des Tests bekommen Sie in zwei Wochen.	You will receive the test results in two weeks.",verified
erklären,verb,A1,,erklären,,,0,0,,,,,0,Kannst du mir das erklären?,Can you explain that to me?,erklären	Kannst du mir das erklären?	Can you explain that to me?,
erlauben,verb,A1,,erlauben,,,0,0,,,,,0,Rauchen ist hier nicht erlaubt.,Smoking is not allowed here.,erlauben	Rauchen ist hier nicht erlaubt.	Smoking is not allowed here.,
der Erwachsene,noun,A1,der,Erwachsene,Erwachsenen,-n,0,0,,,,,0,Dieser Film ist nur für Erwachsene.,This movie is for adults only.,"der Erwachsene, -n	Dieser Film ist nur für Erwachsene.	This movie is for adults only.",verified
erzählen,verb,A1,,erzählen,,,0,0,,,,,0,Wir müssen euch etwas erzählen!,We need to tell you something!,erzählen	Wir müssen euch etwas erzählen!	We need to tell you something!,
es,other,A1,,es,,,0,0,,,,,0,Es regnet.,It is raining.,es	Es regnet.	It is raining.,
essen,verb,A1,,essen,,,0,0,,,,,0,Was gibt es zu essen?,What is there to eat?,essen	Was gibt es zu essen?	What is there to eat?,
das Essen,noun,A1,das,Essen,Essen,wiktionary,0,0,,,,,0,Das Essen ist heute sehr gut.,The food is very good today.,das Essen	Das Essen ist heute sehr gut.	The food is very good today.,verified
euer,other,A1,,euer,,,0,0,,,,,0,Euer Kurs beginnt heute.,Your course starts today.,euer	Euer Kurs beginnt heute.	Your course starts today.,
fahren,verb,A1,,fahren,,,0,0,,,,,0,Ich fahre mit dem Auto zur Arbeit.,I drive to work by car.,fahren	Ich fahre mit dem Auto zur Arbeit.	I drive to work by car.,
der Fahrer,noun,A1,der,Fahrer,Fahrer,wiktionary,0,0,,,,,0,Bitte nicht mit dem Fahrer sprechen!,Please do not speak with the driver!,der Fahrer	Bitte nicht mit dem Fahrer sprechen!	Please do not speak with the driver!,verified
die Fahrkarte,noun,A1,die,Fahrkarte,Fahrkarten,-n,0,0,,,,,0,Hast du schon eine Fahrkarte?,Do you already have a ticket?,"die Fahrkarte, -n	Hast du schon eine Fahrkarte?	Do you already have a ticket?",verified
das Fahrrad,noun,A1,das,Fahrrad,Fahrräder,"-ä, er",0,0,,,,,0,Fährst du mit dem Fahrrad oder mit dem Auto?,Do you ride a bicycle or drive a car?,"das Fahrrad, -ä, er	Fährst du mit dem Fahrrad oder mit dem Auto?	Do you ride a bicycle or drive a car?",verified
falsch,other,A1,,falsch,,,0,0,,,,,0,Das ist falsch.,That is incorrect.,falsch	Das ist falsch.	That is incorrect.,
die Familie,noun,A1,die,Familie,Familien,-n,0,0,,,,,0,Meine Familie lebt in Spanien.,My family lives in Spain.,"die Familie, -n	Meine Familie lebt in Spanien.	My family lives in Spain.",verified
der Familienname,noun,A1,der,Familienname,Familiennamen,-n,0,0,,,,,0,Meine Familiennamen sind García González.,My family names are García González.,der Familienname	Meine Familiennamen sind García González.	My family names are García González.,verified
der Familienstand,noun,A1,der,Familienstand,,,0,0,,,,,0,Bei Familienstand musst du ledig ankreuzen.,"For marital status, you need to check single.","der Familienstand	Bei Familienstand musst du ledig ankreuzen.	For marital status, you need to check single.",verified
die Farbe,noun,A1,die,Farbe,Farben,-n,0,0,,,,,0,Die Farbe gefällt mir gut.,I like the color.,"die Farbe, -n	Die Farbe gefällt mir gut.	I like the color.",verified
das Fax,noun,A1,das,Fax,Faxe,-e,0,0,,,,,0,Schicken Sie uns einfach ein Fax!,Just send us a fax!,"das Fax, -e	Schicken Sie uns einfach ein Fax!	Just send us a fax!",verified
Feier-,other,A1,,Feier-,,,0,0,,,,,0,"z. B. Feierabend, Feiertag","For example, end of work, public holiday","Feier-(1)	z. B. Feierabend, Feiertag	For example, end of work, public holiday",
feiern,verb,A1,,feiern,,,0,0,,,,,0,Wir feiern heute meinen Geburtstag.,We are celebrating my birthday today.,feiern	Wir feiern heute meinen Geburtstag.	We are celebrating my birthday today.,
fehlen,verb,A1,,fehlen,,,0,0,,,,,0,"Herr Müller ist nicht da, er fehlt schon seit drei Tagen.",Mr. Müller is not here; he has been missing for three days.,"fehlen(1)	Herr Müller ist nicht da, er fehlt schon seit drei Tagen.	Mr. Müller is not here; he has been missing for three days.",
der Fehler,noun,A1,der,Fehler,Fehler,–,0,0,,,,,0,Diesen Fehler mache ich immer.,I always make this mistake.,"der Fehler, –	Diesen Fehler mache ich immer.	I always make this mistake.",verified
fernsehen,verb,A1,,fernsehen,,,0,0,,ferngesehen,haben,,0,Wollen wir heute Abend mal fernsehen?,Shall we watch TV tonight?,fernsehen	Wollen wir heute Abend mal fernsehen?	Shall we watch TV tonight?,
fertig,other,A1,,fertig,,,0,0,,,,,0,Bist du fertig?,Are you ready?,fertig(1)	Bist du fertig?	Are you ready?,
das Feuer,noun,A1,das,Feuer,Feuer,wiktionary,0,0,,,,,0,Haben Sie Feuer?,Do you have a light?,das Feuer	Haben Sie Feuer?	Do you have a light?,verified
das Fieber,noun,A1,das,Fieber,,,1,0,,,,,0,Mein Mann hat noch immer Fieber.,My husband still has a fever.,das Fieber	Mein Mann hat noch immer Fieber.	My husband still has a fever.,verified
der Film,noun,A1,der,Film,Filme,-e,0,0,,,,,0,Ich möchte gern diesen Film sehen.,I would like to see this film.,"der Film, -e	Ich möchte gern diesen Film sehen.	I would like to see this film.",verified
finden,verb,A1,,finden,,,0,0,,,,,0,Wir müssen den Schlüssel finden.,We need to find the key.,finden	Wir müssen den Schlüssel finden.	We need to find the key.,
die Firma,noun,A1,die,Firma,Firmen,wiktionary,0,0,,,,,0,Er arbeitet jetzt bei einer anderen Firma.,He now works at another company.,die Firma	Er arbeitet jetzt bei einer anderen Firma.	He now works at another company.,verified
der Fisch,noun,A1,der,Fisch,Fische,-e,0,0,,,,,0,Ich esse gern Fisch. Fleisch mag ich nicht.,I like to eat fish. I don’t like meat.,"der Fisch, -e	Ich esse gern Fisch. Fleisch mag ich nicht.	I like to eat fish. I don’t like meat.",verified
die Flasche,noun,A1,die,Flasche,Flaschen,-n,0,0,,,,,0,"Eine Flasche Bier, bitte.","A bottle of beer, please.","die Flasche, -n	Eine Flasche Bier, bitte.	A bottle of beer, please.",verified
das Fleisch,noun,A1,das,Fleisch,,,1,0,,,,,0,Fleisch mag ich nicht.,I don’t like meat.,das Fleisch	Fleisch mag ich nicht.	I don’t like meat.,verified
fliegen,verb,A1,,fliegen,,,0,0,,,,,0,Ich fliege nicht gern. Deshalb fahre ich mit dem Zug.,I don’t like flying. That’s why I take the train.,fliegen	Ich fliege nicht gern. Deshalb fahre ich mit dem Zug.	I don’t like flying. That’s why I take the train.,
abfliegen,verb,A1,,abfliegen,,,0,0,,,,,1,Wann fliegst du ab?,When do you depart?,abfliegen	Wann fliegst du ab?	When do you depart?,
der Abflug,noun,A1,der,Abflug,Abflüge,wiktionary,0,0,,,,,0,Der Abflug ist um 11.20 Uhr.,The departure is at 11:20.,der Abflug	Der Abflug ist um 11.20 Uhr.	The departure is at 11:20.,verified
der Flughafen,noun,A1,der,Flughafen,Flughäfen,¨-,0,0,,,,,0,Kannst du mich zum Flughafen bringen?,Can you take me to the airport?,der Flughafen	Kannst du mich zum Flughafen bringen?	Can you take me to the airport?,verified
das Flugzeug,noun,A1,das,Flugzeug,Flugzeuge,-e,0,0,,,,,0,Das Flugzeug aus Berlin kommt heute später an.,The plane from Berlin will arrive later today.,das Flugzeug	Das Flugzeug aus Berlin kommt heute später an.	The plane from Berlin will arrive later today.,verified
das Formular,noun,A1,das,Formular,Formulare,-e,0,0,,,,,0,Sie müssen dieses Formular ausfüllen.,You need to fill out this form.,"das Formular, -e	Sie müssen dieses Formular ausfüllen.	You need to fill out this form.",verified
das Foto,noun,A1,das,Foto,Fotos,-s,0,0,,,,,0,Darf ich ein Foto machen?,May I take a photo?,"das Foto, -s	Darf ich ein Foto machen?	May I take a photo?",verified
fragen,verb,A1,,fragen,,,0,0,,gefragt,haben,,0,Er möchte Sie etwas fragen. Wann kommen Sie?,He would like to ask you something. When are you coming?,fragen	Er möchte Sie etwas fragen. Wann kommen Sie?	He would like to ask you something. When are you coming?,
die Frage,noun,A1,die,Frage,Fragen,-n,0,0,,,,,0,Ich habe eine Frage.,I have a question.,"die Frage, -n	Ich habe eine Frage.	I have a question.",verified
die Frau,noun,A1,die,Frau,Frauen,-en,0,0,,,,,0,Das ist Frau Becker.,This is Mrs. Becker.,"die Frau, -en(1)	Das ist Frau Becker.	This is Mrs. Becker.",verified
frei,other,A1,,frei,,,0,0,,,,,0,Ist der Platz noch frei?,Is the seat still free?,frei	Ist der Platz noch frei?	Is the seat still free?,
die Freizeit,noun,A1,die,Freizeit,,,1,0,,,,,0,In meiner Freizeit spiele ich oft Fußball.,"In my free time, I often play soccer.","die Freizeit	In meiner Freizeit spiele ich oft Fußball.	In my free time, I often play soccer.",verified
fremd,other,A1,,fremd,,,0,0,,,,,0,Das weiß ich nicht; ich bin fremd hier.,I don’t know; I’m a stranger here.,fremd	Das weiß ich nicht; ich bin fremd hier.	I don’t know; I’m a stranger here.,
freuen,verb,A1,,freuen,,,0,0,,,,,0,Ich freue mich auf den Urlaub.,I am looking forward to the vacation.,(sich) freuen	Ich freue mich auf den Urlaub.	I am looking forward to the vacation.,
der Freund,noun,A1,der,Freund,Freunde,-e,0,0,,,,,0,Das ist ein Freund von mir.,This is a friend of mine.,"der Freund, -e(1)	Das ist ein Freund von mir.	This is a friend of mine.",verified
früher,other,A1,,früher,,,0,0,,,,,0,Früher waren wir oft zusammen im Kino.,We used to go to the movies together often.,früher	Früher waren wir oft zusammen im Kino.	We used to go to the movies together often.,
frühstücken,verb,A1,,frühstücken,,,0,0,,,,,0,Am Sonntag frühstücke ich gern im Bett.,"On Sundays, I like to have breakfast in bed.","frühstücken	Am Sonntag frühstücke ich gern im Bett.	On Sundays, I like to have breakfast in bed.",
das Frühstück,noun,A1,das,Frühstück,,,1,0,,,,,0,Möchtest du ein Ei zum Frühstück?,Would you like an egg for breakfast?,das Frühstück	Möchtest du ein Ei zum Frühstück?	Would you like an egg for breakfast?,verified
die Führung,noun,A1,die,Führung,Führungen,-en,0,0,,,,,0,Die Führung durch das Haus beginnt in 3 Minuten.,The tour of the house begins in 3 minutes.,die Führung	Die Führung durch das Haus beginnt in 3 Minuten.	The tour of the house begins in 3 minutes.,verified
für,preposition,A1,,für,,,0,0,akkusativ,,,,0,Das ist für Sie.,This is for you.,für	Das ist für Sie.	This is for you.,
der Fuß,noun,A1,der,Fuß,Füße,"-ü, e",0,0,,,,,0,Der linke Fuß tut mir weh.,My left foot hurts.,"der Fuß, -ü, e	Der linke Fuß tut mir weh.	My left foot hurts.",verified
der Fußball,noun,A1,der,Fußball,Fußbälle,¨-e,0,0,,,,,0,Spielt ihr gerne Fußball?,Do you like to play soccer?,der Fußball	Spielt ihr gerne Fußball?	Do you like to play soccer?,verified
der Garten,noun,A1,der,Garten,Gärten,¨,0,0,,,,,0,Wir haben leider keinen Garten.,"Unfortunately, we don't have a garden.","der Garten	Wir haben leider keinen Garten.	Unfortunately, we don't have a garden.",verified
der Gast,noun,A1,der,Gast,Gäste,"-ä, e",0,0,,,,,0,Am Wochenende haben wir mehrere Gäste.,We have several guests over the weekend.,"der Gast, -ä, e	Am Wochenende haben wir mehrere Gäste.	We have several guests over the weekend.",verified
geben,verb,A1,,geben,,,0,0,,,,,0,Kannst du mir bitte deinen Kugelschreiber geben?,Can you please give me your pen?,geben(1)	Kannst du mir bitte deinen Kugelschreiber geben?	Can you please give me your pen?,
geboren,verb,A1,,geboren,,,0,0,,,,,0,Ich bin in Zagreb geboren.,I was born in Zagreb.,geboren	Ich bin in Zagreb geboren.	I was born in Zagreb.,
das Geburtsjahr,noun,A1,das,Geburtsjahr,Geburtsjahre,wiktionary,0,0,,,,,0,"Das Geburtsjahr Ihres Sohnes, bitte?","Your son's year of birth, please?","das Geburtsjahr	Das Geburtsjahr Ihres Sohnes, bitte?	Your son's year of birth, please?",verified
der Geburtsort,noun,A1,der,Geburtsort,Geburtsorte,wiktionary,0,0,,,,,0,Bitte schreiben Sie Ihren Geburtsort auf das Formular.,Please write your place of birth on the form.,der Geburtsort	Bitte schreiben Sie Ihren Geburtsort auf das Formular.	Please write your place of birth on the form.,verified
der Geburtstag,noun,A1,der,Geburtstag,Geburtstage,wiktionary,0,0,,,,,0,Herzlichen Glückwunsch zum Geburtstag!,Happy birthday!,der Geburtstag	Herzlichen Glückwunsch zum Geburtstag!	Happy birthday!,verified
gefallen,verb,A1,,gefallen,,,0,0,,,,,0,Das gefällt mir.,I like that.,gefallen	Das gefällt mir.	I like that.,
gegen,preposition,A1,,gegen,,,0,0,akkusativ,,,,0,Fahr nicht gegen den Baum!,Don’t drive into the tree!,gegen(1)	Fahr nicht gegen den Baum!	Don’t drive into the tree!,
gehen,verb,A1,,gehen,,,0,0,,,,,0,"Ich weiß nicht, wie das geht.",I don’t know how it works.,"gehen(1)	Ich weiß nicht, wie das geht.	I don’t know how it works.",
gehören,verb,A1,,gehören,,,0,0,,,,,0,Wem gehört das?,Whose is this?,gehören	Wem gehört das?	Whose is this?,
das Geld,noun,A1,das,Geld,,,1,0,,,,,0,Hast du noch Geld?,Do you still have money?,das Geld	Hast du noch Geld?	Do you still have money?,verified
das Gemüse,noun,A1,das,Gemüse,,,1,0,,,,,0,Gemüse brauchen wir auch noch.,We also need vegetables.,das Gemüse	Gemüse brauchen wir auch noch.	We also need vegetables.,verified
das Gepäck,noun,A1,das,Gepäck,,,1,0,,,,,0,Wollen Sie Ihr Gepäck mitnehmen?,Do you want to take your luggage with you?,das Gepäck	Wollen Sie Ihr Gepäck mitnehmen?	Do you want to take your luggage with you?,verified
gerade,other,A1,,gerade,,,0,0,,,,,0,Da kommt er ja gerade.,There he comes just now.,gerade(1)	Da kommt er ja gerade.	There he comes just now.,
gern(e),other,A1,,gern(e),,,0,0,,,,,0,Ich gehe gerne einkaufen.,I like to go shopping.,gern(e)	Ich gehe gerne einkaufen.	I like to go shopping.,
das Geschäft,noun,A1,das,Geschäft,Geschäfte,-e,0,0,,,,,0,Die Geschäfte schließen um 18.30 Uhr.,The stores close at 6:30 PM.,"das Geschäft, -e	Die Geschäfte schließen um 18.30 Uhr.	The stores close at 6:30 PM.",verified
das Geschenk,noun,A1,das,Geschenk,Geschenke,-e,0,0,,,,,0,Danke für das schöne Geschenk.,Thank you for the lovely gift.,"das Geschenk, -e	Danke für das schöne Geschenk.	Thank you for the lovely gift.",verified
die Geschwister,noun,A1,die,Geschwister,Geschwister,wiktionary,0,1,,,,,0,Ich habe leider keine Geschwister.,"Unfortunately, I have no siblings.","die Geschwister (pl.)	Ich habe leider keine Geschwister.	Unfortunately, I have no siblings.",verified
das Gespräch,noun,A1,das,Gespräch,Gespräche,-e,0,0,,,,,0,Das Gespräch mit Frau Kunz ist um 14 Uhr.,The conversation with Ms. Kunz is at 2 PM.,"das Gespräch, -e	Das Gespräch mit Frau Kunz ist um 14 Uhr.	The conversation with Ms. Kunz is at 2 PM.",verified
gestern,verb,A1,,gestern,,,0,0,,,,,0,Gestern war ich krank.,I was sick yesterday.,gestern	Gestern war ich krank.	I was sick yesterday.,
gestorben,verb,A1,,gestorben,,,0,0,,,,,0,Meine Frau ist gestern gestorben.,My wife passed away yesterday.,gestorben	Meine Frau ist gestern gestorben.	My wife passed away yesterday.,
das Getränk,noun,A1,das,Getränk,Getränke,-e,0,0,,,,,0,Mein Lieblingsgetränk ist Tomatensaft.,My favorite drink is tomato juice.,"das Getränk, -e	Mein Lieblingsgetränk ist Tomatensaft.	My favorite drink is tomato juice.",verified
das Gewicht,noun,A1,das,Gewicht,Gewichte,wiktionary,0,0,,,,,0,Bei Gewicht schreibst du: 62 Kilo.,"For weight, write: 62 kilos.","das Gewicht	Bei Gewicht schreibst du: 62 Kilo.	For weight, write: 62 kilos.",verified
gewinnen,verb,A1,,gewinnen,,,0,0,,,,,0,Wer gewinnt das Spiel?,Who wins the game?,gewinnen	Wer gewinnt das Spiel?	Who wins the game?,
das Glas,noun,A1,das,Glas,Gläser,"-ä, er",0,0,,,,,0,Bitte noch ein Glas Wein!,Please another glass of wine!,"das Glas, -ä, er	Bitte noch ein Glas Wein!	Please another glass of wine!",verified
glauben,verb,A1,,glauben,,,0,0,,,,,0,"Sie können mir glauben, es ist so.","You can believe me, it is so.","glauben(1)	Sie können mir glauben, es ist so.	You can believe me, it is so.",
gleich,other,A1,,gleich,,,0,0,,,,,0,Das ist mir gleich.,It doesn’t matter to me.,gleich(1)	Das ist mir gleich.	It doesn’t matter to me.,
das Gleis,noun,A1,das,Gleis,Gleise,-e,0,0,,,,,0,Der ICE nach Berlin hält heute an Gleis 12.,The ICE to Berlin stops at platform 12 today.,"das Gleis, -e	Der ICE nach Berlin hält heute an Gleis 12.	The ICE to Berlin stops at platform 12 today.",verified
das Glück,noun,A1,das,Glück,,,1,0,,,,,0,Viel Glück!,Good luck!,das Glück	Viel Glück!	Good luck!,verified
glücklich,other,A1,,glücklich,,,0,0,,,,,0,Meine Kinder sind glücklich verheiratet.,My children are happily married.,glücklich	Meine Kinder sind glücklich verheiratet.	My children are happily married.,
der Glückwunsch,noun,A1,der,Glückwunsch,Glückwünsche,¨-e,0,0,,,,,0,Herzlichen Glückwunsch zum Geburtstag.,Happy birthday!,der Glückwunsch	Herzlichen Glückwunsch zum Geburtstag.	Happy birthday!,verified
Grad (Celsius),other,A1,,Grad (Celsius),,,0,0,,,,,0,Heute haben wir dreißig Grad.,Today we have thirty degrees.,Grad (Celsius)	Heute haben wir dreißig Grad.	Today we have thirty degrees.,
gratulieren,verb,A1,,gratulieren,,,0,0,,,,,0,Ich gratuliere dir!,I congratulate you!,gratulieren	Ich gratuliere dir!	I congratulate you!,
grillen,verb,A1,,grillen,,,0,0,,,,,0,Heute grillen wir im Garten.,Today we are grilling in the garden.,grillen	Heute grillen wir im Garten.	Today we are grilling in the garden.,
groß,other,A1,,groß,,,0,0,,,,,0,Mein Bruder und ich sind gleich groß.,My brother and I are the same height.,groß(1)	Mein Bruder und ich sind gleich groß.	My brother and I are the same height.,
die Größe,noun,A1,die,Größe,Größen,-n,0,0,,,,,0,Haben Sie das auch in Größe 40?,Do you have this in size 40?,die Größe	Haben Sie das auch in Größe 40?	Do you have this in size 40?,verified
die Großeltern,noun,A1,die,Großeltern,Großeltern,wiktionary,0,1,,,,,0,Meine Großeltern leben in Japan.,My grandparents live in Japan.,die Großeltern (pl.)	Meine Großeltern leben in Japan.	My grandparents live in Japan.,verified
die Großmutter,noun,A1,die,Großmutter,Großmütter,wiktionary,0,0,,,,,0,Meine Großmutter heißt Eva.,My grandmother's name is Eva.,die Großmutter	Meine Großmutter heißt Eva.	My grandmother's name is Eva.,verified
der Großvater,noun,A1,der,Großvater,Großväter,wiktionary,0,0,,,,,0,Mein Großvater ist schon 80.,My grandfather is already 80.,der Großvater	Mein Großvater ist schon 80.	My grandfather is already 80.,verified
die Gruppe,noun,A1,die,Gruppe,Gruppen,-n,0,0,,,,,0,Die erste Gruppe beginnt um 16 Uhr.,The first group starts at 4 PM.,"die Gruppe, -n	Die erste Gruppe beginnt um 16 Uhr.	The first group starts at 4 PM.",verified
der Gruß,noun,A1,der,Gruß,Grüße,"-ü, e",0,0,,,,,0,Viele Grüße an Ihre Frau.,Best regards to your wife.,"der Gruß, -ü, e(1)	Viele Grüße an Ihre Frau.	Best regards to your wife.",verified
gültig,other,A1,,gültig,,,0,0,,,,,0,Der Pass ist nicht mehr gültig.,The passport is no longer valid.,gültig	Der Pass ist nicht mehr gültig.	The passport is no longer valid.,
günstig,other,A1,,günstig,,,0,0,,,,,0,Dort gibt es günstige Angebote.,There are good deals there.,günstig	Dort gibt es günstige Angebote.	There are good deals there.,
gut,other,A1,,gut,,,0,0,,,,,0,Das finde ich gut.,I think that’s good.,gut(1)	Das finde ich gut.	I think that’s good.,
das Haar,noun,A1,das,Haar,Haare,-e,0,0,,,,,0,Sie hat lange Haare.,She has long hair.,"das Haar, -e	Sie hat lange Haare.	She has long hair.",verified
haben,verb,A1,,haben,,,0,0,,,,,0,Ich habe ein neues Auto.,I have a new car.,haben	Ich habe ein neues Auto.	I have a new car.,
das Hähnchen,noun,A1,das,Hähnchen,Hähnchen,-,0,0,,,,,0,Ein Hähnchen mit Pommes bitte!,"A chicken with fries, please!","das Hähnchen, -	Ein Hähnchen mit Pommes bitte!	A chicken with fries, please!",verified
die Halbpension,noun,A1,die,Halbpension,,,0,0,,,,,0,Möchten Sie Vollpension oder Halbpension?,Would you like full board or half board?,die Halbpension	Möchten Sie Vollpension oder Halbpension?	Would you like full board or half board?,verified
die Halle,noun,A1,die,Halle,Hallen,-n,0,0,,,,,0,Wir treffen uns in Halle B.,We are meeting in Hall B.,die Halle	Wir treffen uns in Halle B.	We are meeting in Hall B.,verified
hallo,other,A1,,hallo,,,0,0,,,,,0,Hallo Inge! Wie geht’s?,Hello Inge! How are you?,hallo	Hallo Inge! Wie geht’s?	Hello Inge! How are you?,
halten,verb,A1,,halten,,,0,0,,,,,0,Dieser Zug hält nicht in Rüdesheim.,This train does not stop in Rüdesheim.,halten	Dieser Zug hält nicht in Rüdesheim.	This train does not stop in Rüdesheim.,
die Haltestelle,noun,A1,die,Haltestelle,Haltestellen,-n,0,0,,,,,0,An der nächsten Haltestelle müssen Sie aussteigen.,"At the next stop, you need to get off.","die Haltestelle	An der nächsten Haltestelle müssen Sie aussteigen.	At the next stop, you need to get off.",verified
die Hand,noun,A1,die,Hand,Hände,"-ä, e",0,0,,,,,0,Er gibt mir die Hand.,He shakes my hand.,"die Hand, -ä, e	Er gibt mir die Hand.	He shakes my hand.",verified
das Handy,noun,A1,das,Handy,Handys,-s,0,0,,,,,0,In der Schule bitte die Handys ausmachen!,Please turn off the mobile phones at school!,"das Handy, -s	In der Schule bitte die Handys ausmachen!	Please turn off the mobile phones at school!",verified
das Haus,noun,A1,das,Haus,Häuser,"-ä, er",0,0,,,,,0,In welchem Haus wohnst du?,In which house do you live?,"das Haus, -ä, er(1)	In welchem Haus wohnst du?	In which house do you live?",verified
die Hausaufgabe,noun,A1,die,Hausaufgabe,Hausaufgaben,-n,0,0,,,,,0,Kannst du mir bei den Hausaufgaben helfen?,Can you help me with the homework?,"die Hausaufgabe, -n	Kannst du mir bei den Hausaufgaben helfen?	Can you help me with the homework?",verified
die Hausfrau,noun,A1,die,Hausfrau,Hausfrauen,-en,0,0,,,,,0,"Die Hausfrau/der Hausmann wäscht, kocht und kauft ein.","The housewife/househusband washes, cooks, and shops.","die Hausfrau, -en/der Hausmann	Die Hausfrau/der Hausmann wäscht, kocht und kauft ein.	The housewife/househusband washes, cooks, and shops.",verified
der Hausmann,noun,A1,der,Hausmann,Hausmänner,wiktionary,0,0,,,,,0,"Die Hausfrau/der Hausmann wäscht, kocht und kauft ein.","The housewife/househusband washes, cooks, and shops.","die Hausfrau, -en/der Hausmann	Die Hausfrau/der Hausmann wäscht, kocht und kauft ein.	The housewife/househusband washes, cooks, and shops.",verified
die Heimat,noun,A1,die,Heimat,,,1,0,,,,,0,Ich komme aus der Schweiz. Das ist meine Heimat.,I come from Switzerland. That is my homeland.,die Heimat	Ich komme aus der Schweiz. Das ist meine Heimat.	I come from Switzerland. That is my homeland.,verified
heiraten,verb,A1,,heiraten,,,0,0,,,,,0,Meine Schwester heiratet einen Japaner.,My sister is marrying a Japanese person.,heiraten	Meine Schwester heiratet einen Japaner.	My sister is marrying a Japanese person.,
heißen,verb,A1,,heißen,,,0,0,,,,,0,Ich heiße Charlotte Meier.,My name is Charlotte Meier.,heißen(1)	Ich heiße Charlotte Meier.	My name is Charlotte Meier.,
helfen,verb,A1,,helfen,,,0,0,,,,,0,"Können Sie mir helfen, bitte?","Can you help me, please?","helfen	Können Sie mir helfen, bitte?	Can you help me, please?",
hell,other,A1,,hell,,,0,0,,,,,0,Im Sommer ist es bis 21 Uhr hell.,It is light until 9 PM in summer.,hell	Im Sommer ist es bis 21 Uhr hell.	It is light until 9 PM in summer.,
der Herd,noun,A1,der,Herd,Herde,-e,0,0,,,,,0,In der neuen Küche fehlt noch der Herd.,The stove is still missing in the new kitchen.,der Herd	In der neuen Küche fehlt noch der Herd.	The stove is still missing in the new kitchen.,verified
der Herr,noun,A1,der,Herr,Herren,-en,0,0,,,,,0,"Guten Tag, Herr Sommer!","Good day, Mr. Sommer!","der Herr, -en	Guten Tag, Herr Sommer!	Good day, Mr. Sommer!",verified
herzlich,other,A1,,herzlich,,,0,0,,,,,0,Herzlichen Glückwunsch!,Best wishes!,herzlich	Herzlichen Glückwunsch!	Best wishes!,
heute,other,A1,,heute,,,0,0,,,,,0,Heute ist ein schöner Tag.,Today is a beautiful day.,heute	Heute ist ein schöner Tag.	Today is a beautiful day.,
hier,other,A1,,hier,,,0,0,,,,,0,"Hier ist 06131-553221, Pamela Linke.","Here is 06131-553221, Pamela Linke.","hier(1)	Hier ist 06131-553221, Pamela Linke.	Here is 06131-553221, Pamela Linke.",
die Hilfe,noun,A1,die,Hilfe,,,1,0,,,,,0,Hilfe! Bitte helfen Sie mir!,Help! Please help me!,die Hilfe(1)	Hilfe! Bitte helfen Sie mir!	Help! Please help me!,verified
hinten,verb,A1,,hinten,,,0,0,,,,,1,Die Tür zum Aussteigen ist hinten.,The door to get out is at the back.,hinten	Die Tür zum Aussteigen ist hinten.	The door to get out is at the back.,
das Hobby,noun,A1,das,Hobby,Hobbys,-s,0,0,,,,,0,Meine Hobbys sind Wandern und Schwimmen.,My hobbies are hiking and swimming.,"das Hobby, -s	Meine Hobbys sind Wandern und Schwimmen.	My hobbies are hiking and swimming.",verified
hoch,other,A1,,hoch,,,0,0,,,,,0,Der Mount Everest ist 8.880 Meter hoch.,"Mount Everest is 8,880 meters high.","hoch	Der Mount Everest ist 8.880 Meter hoch.	Mount Everest is 8,880 meters high.",
die Hochzeit,noun,A1,die,Hochzeit,Hochzeiten,-en,0,0,,,,,0,Zur dieser Hochzeit kommen mehr als fünfzig Gäste.,More than fifty guests are coming to this wedding.,die Hochzeit	Zur dieser Hochzeit kommen mehr als fünfzig Gäste.	More than fifty guests are coming to this wedding.,verified
holen,verb,A1,,holen,,,0,0,,,,,0,Ich hole zwei Flaschen Wasser aus der Küche.,I will get two bottles of water from the kitchen.,holen	Ich hole zwei Flaschen Wasser aus der Küche.	I will get two bottles of water from the kitchen.,
hören,verb,A1,,hören,,,0,0,,,,,0,Hör mal! Was ist das?,Listen! What is that?,hören(1)	Hör mal! Was ist das?	Listen! What is that?,
das Hotel,noun,A1,das,Hotel,Hotels,-s,0,0,,,,,0,Im Urlaub sind wir in einem Hotel am Meer.,"On vacation, we are staying in a hotel by the sea.","das Hotel, -s	Im Urlaub sind wir in einem Hotel am Meer.	On vacation, we are staying in a hotel by the sea.",verified
der Hund,noun,A1,der,Hund,Hunde,-e,0,0,,,,,0,Der Hund ist noch jung.,The dog is still young.,"der Hund, -e	Der Hund ist noch jung.	The dog is still young.",verified
der Hunger,noun,A1,der,Hunger,,,1,0,,,,,0,Ich habe Hunger! Wann ist das Essen fertig?,I’m hungry! When is the food ready?,der Hunger	Ich habe Hunger! Wann ist das Essen fertig?	I’m hungry! When is the food ready?,verified
ich,other,A1,,ich,,,0,0,,,,,0,Ich heiße Veronika.,My name is Veronika.,ich	Ich heiße Veronika.	My name is Veronika.,
ihr/ihm/ihn,other,A1,,ihr/ihm/ihn,,,0,0,,,,,0,Gib ihr/ihm bitte das Buch.,Please give her/him the book.,ihr/ihm/ihn(1)	Gib ihr/ihm bitte das Buch.	Please give her/him the book.,
immer,other,A1,,immer,,,0,0,,,,,0,Frau Bast kommt immer zu spät.,Ms. Bast always arrives late.,immer	Frau Bast kommt immer zu spät.	Ms. Bast always arrives late.,
in,preposition,A1,,in,,,0,0,wechsel,,,,0,Ich wohne in Wiesbaden.,I live in Wiesbaden.,in(1)	Ich wohne in Wiesbaden.	I live in Wiesbaden.,
die Information,noun,A1,die,Information,Informationen,-en,0,0,,,,,0,"Wenn Sie Fragen haben, gehen Sie zur Information.","If you have questions, go to the information desk.","die Information, -en(1)	Wenn Sie Fragen haben, gehen Sie zur Information.	If you have questions, go to the information desk.",verified
international,other,A1,,international,,,0,0,,,,,0,"Unser Deutschkurs ist international: Silvana kommt aus Italien, Conchi aus Spanien, Yin aus China …","Our German course is international: Silvana comes from Italy, Conchi from Spain, Yin from China …","international	Unser Deutschkurs ist international: Silvana kommt aus Italien, Conchi aus Spanien, Yin aus China …	Our German course is international: Silvana comes from Italy, Conchi from Spain, Yin from China …",
das Internet,noun,A1,das,Internet,,,1,0,,,,,0,Das findest du im Internet.,You can find that on the internet.,das Internet	Das findest du im Internet.	You can find that on the internet.,verified
ja,other,A1,,ja,,,0,0,,,,,0,Sind Sie Herr Watanabe? – Ja.,Are you Mr. Watanabe? – Yes.,ja	Sind Sie Herr Watanabe? – Ja.	Are you Mr. Watanabe? – Yes.,
die Jacke,noun,A1,die,Jacke,Jacken,-n,0,0,,,,,0,Zieh dir eine Jacke an. Es ist kalt.,Put on a jacket. It’s cold.,"die Jacke, -n	Zieh dir eine Jacke an. Es ist kalt.	Put on a jacket. It’s cold.",verified
jed-,other,A1,,jed-,,,0,0,,,,,0,Blumen kannst du in jedem Bahnhof kaufen.,You can buy flowers at any train station.,jed-	Blumen kannst du in jedem Bahnhof kaufen.	You can buy flowers at any train station.,
jetzt,other,A1,,jetzt,,,0,0,,,,,0,Jetzt machen wir eine Pause.,Now we are taking a break.,jetzt	Jetzt machen wir eine Pause.	Now we are taking a break.,
der Job,noun,A1,der,Job,Jobs,-s,0,0,,,,,0,Jenny hat einen neuen Job bei der Post.,Jenny has a new job at the post office.,"der Job, -s	Jenny hat einen neuen Job bei der Post.	Jenny has a new job at the post office.",verified
der Jugendliche,noun,A1,der,Jugendliche,Jugendlichen,-n,0,0,,,,,0,Viele Jugendliche kaufen gern ein.,Many teenagers like to shop.,"der Jugendliche, -n	Viele Jugendliche kaufen gern ein.	Many teenagers like to shop.",verified
jung,other,A1,,jung,,,0,0,,,,,0,Claudia ist 21. – Was? Noch so jung?,Claudia is 21. – What? Still so young?,jung	Claudia ist 21. – Was? Noch so jung?	Claudia is 21. – What? Still so young?,
der Junge,noun,A1,der,Junge,Jungen,-n,0,0,,,,,0,Ich habe zwei Kinder. Einen Jungen und ein Mädchen.,I have two children. A boy and a girl.,"der Junge, -n	Ich habe zwei Kinder. Einen Jungen und ein Mädchen.	I have two children. A boy and a girl.",verified
der Kaffee,noun,A1,der,Kaffee,Kaffees,-s,0,0,,,,,0,Zum Frühstück trinke ich immer Kaffee.,I always drink coffee for breakfast.,der Kaffee	Zum Frühstück trinke ich immer Kaffee.	I always drink coffee for breakfast.,verified
kaputt,other,A1,,kaputt,,,0,0,,,,,0,Das Glas war teuer. Es geht sehr leicht kaputt.,The glass was expensive. It breaks very easily.,kaputt	Das Glas war teuer. Es geht sehr leicht kaputt.	The glass was expensive. It breaks very easily.,
die Karte,noun,A1,die,Karte,Karten,-n,0,0,,,,,0,Ich schreibe meinen Bekannten eine Karte aus dem Urlaub.,I write my acquaintances a card from the vacation.,"die Karte, -n(1)	Ich schreibe meinen Bekannten eine Karte aus dem Urlaub.	I write my acquaintances a card from the vacation.",verified
"(Kredit)-Karte, -n",other,A1,,"(Kredit)-Karte, -n",,,0,0,,,,,0,Kann ich auch mit Karte (be-) zahlen?,Can I also pay by card?,"(Kredit)-Karte, -n	Kann ich auch mit Karte (be-) zahlen?	Can I also pay by card?",
die Kartoffel,noun,A1,die,Kartoffel,Kartoffeln,-n,0,0,,,,,0,Für Pommes frites braucht man Kartoffeln.,You need potatoes for french fries.,"die Kartoffel, -n	Für Pommes frites braucht man Kartoffeln.	You need potatoes for french fries.",verified
die Kasse,noun,A1,die,Kasse,Kassen,-n,0,0,,,,,0,Zahlen Sie bitte an der Kasse.,Please pay at the checkout.,die Kasse	Zahlen Sie bitte an der Kasse.	Please pay at the checkout.,verified
kaufen,verb,A1,,kaufen,,,0,0,,,,,0,Tim kauft sich ein neues Auto.,Tim is buying a new car.,kaufen	Tim kauft sich ein neues Auto.	Tim is buying a new car.,
kein,other,A1,,kein,,,0,0,,,,,0,Es gibt keine Eintrittskarten mehr.,There are no more tickets.,kein	Es gibt keine Eintrittskarten mehr.	There are no more tickets.,
kennen,verb,A1,,kennen,,,0,0,,,,,0,"Kennen Sie diese Frau? – Nein, leider nicht.","Do you know this woman? – No, unfortunately not.","kennen	Kennen Sie diese Frau? – Nein, leider nicht.	Do you know this woman? – No, unfortunately not.",
kennenlernen,verb,A1,,kennenlernen,,,0,0,,,,,0,Wir sind neu hier. Wir möchten Sie kennenlernen.,We are new here. We’d like to get to know you.,kennenlernen	Wir sind neu hier. Wir möchten Sie kennenlernen.	We are new here. We’d like to get to know you.,
das Kind,noun,A1,das,Kind,Kinder,-er,0,0,,,,,0,Wie viele Kinder haben Sie?,How many children do you have?,"das Kind, -er	Wie viele Kinder haben Sie?	How many children do you have?",verified
der Kindergarten,noun,A1,der,Kindergarten,Kindergärten,¨-,0,0,,,,,0,Die kleine Laura geht schon in den Kindergarten.,Little Laura is already going to kindergarten.,der Kindergarten	Die kleine Laura geht schon in den Kindergarten.	Little Laura is already going to kindergarten.,verified
das Kino,noun,A1,das,Kino,Kinos,-s,0,0,,,,,0,Wir sehen heute Abend im Kino einen schönen Film.,We’re going to see a nice movie at the cinema tonight.,"das Kino, -s	Wir sehen heute Abend im Kino einen schönen Film.	We’re going to see a nice movie at the cinema tonight.",verified
der Kiosk,noun,A1,der,Kiosk,Kioske,-e,0,0,,,,,0,"Am Kiosk bekommen Sie Getränke, Zigaretten und Zeitungen.","At the kiosk, you can get drinks, cigarettes, and newspapers.","der Kiosk	Am Kiosk bekommen Sie Getränke, Zigaretten und Zeitungen.	At the kiosk, you can get drinks, cigarettes, and newspapers.",verified
klar,other,A1,,klar,,,0,0,,,,,0,Kommst du mit? – Klar!,Are you coming along? – Sure!,klar	Kommst du mit? – Klar!	Are you coming along? – Sure!,
die Klasse,noun,A1,die,Klasse,Klassen,wiktionary,0,0,,,,,0,In unserer Klasse sind fünfundzwanzig Schüler.,There are twenty-five students in our class.,die Klasse(1)	In unserer Klasse sind fünfundzwanzig Schüler.	There are twenty-five students in our class.,verified
die Kleidung,noun,A1,die,Kleidung,,,1,0,,,,,0,"Wo finde ich Kleidung? – Jacken im ersten, Jeans im zweiten Stock.","Where can I find clothing? – Jackets on the first floor, jeans on the second floor.","die Kleidung	Wo finde ich Kleidung? – Jacken im ersten, Jeans im zweiten Stock.	Where can I find clothing? – Jackets on the first floor, jeans on the second floor.",verified
klein,other,A1,,klein,,,0,0,,,,,0,Eltville ist eine kleine Stadt am Rhein.,Eltville is a small town on the Rhine.,klein	Eltville ist eine kleine Stadt am Rhein.	Eltville is a small town on the Rhine.,
kochen,verb,A1,,kochen,,,0,0,,,,,0,Herr Georgi kann gut kochen.,Mr. Georgi can cook well.,kochen	Herr Georgi kann gut kochen.	Mr. Georgi can cook well.,
der Koffer,noun,A1,der,Koffer,Koffer,-,0,0,,,,,0,Ist das Ihr Koffer?,Is that your suitcase?,der Koffer	Ist das Ihr Koffer?	Is that your suitcase?,verified
der Kollege,noun,A1,der,Kollege,Kollegen,-n,0,0,,,,,0,Wie heißt die neue Kollegin?,What’s the name of the new female colleague?,"der Kollege, -n	Wie heißt die neue Kollegin?	What’s the name of the new female colleague?",verified
kommen,verb,A1,,kommen,,,0,0,,,,,0,Woher kommen Sie? – Aus Frankreich.,Where are you from? – From France.,kommen(1)	Woher kommen Sie? – Aus Frankreich.	Where are you from? – From France.,
können,verb,A1,,können,,,0,0,,,,,0,Ich kann Deutsch und Russisch.,I can speak German and Russian.,können(1)	Ich kann Deutsch und Russisch.	I can speak German and Russian.,
das Konto,noun,A1,das,Konto,Konten,wiktionary,0,0,,,,,0,Das Geld überweisen wir am ersten März auf Ihr Konto.,We will transfer the money to your account on March 1st.,das Konto	Das Geld überweisen wir am ersten März auf Ihr Konto.	We will transfer the money to your account on March 1st.,verified
der Kopf,noun,A1,der,Kopf,Köpfe,¨-e,0,0,,,,,0,Mein Kopf tut weh!,My head hurts!,der Kopf	Mein Kopf tut weh!	My head hurts!,verified
kosten,verb,A1,,kosten,,,0,0,,,,,0,Wie viel kostet das? – 10 Euro.,How much does it cost? – 10 euros.,kosten	Wie viel kostet das? – 10 Euro.	How much does it cost? – 10 euros.,
krank,other,A1,,krank,,,0,0,,,,,0,"Ich kann heute nicht zur Arbeit kommen, ich bin krank und liege im Bett.","I can’t come to work today, I’m sick and lying in bed.","krank	Ich kann heute nicht zur Arbeit kommen, ich bin krank und liege im Bett.	I can’t come to work today, I’m sick and lying in bed.",
kriegen,verb,A1,,kriegen,,,0,0,,,,,0,Ich kriege 15 Euro in der Stunde für meine Arbeit.,I get 15 euros an hour for my work.,kriegen	Ich kriege 15 Euro in der Stunde für meine Arbeit.	I get 15 euros an hour for my work.,
die Küche,noun,A1,die,Küche,Küchen,-n,0,0,,,,,0,Der neue Herd kommt in die Küche.,The new stove is going into the kitchen.,die Küche	Der neue Herd kommt in die Küche.	The new stove is going into the kitchen.,verified
der Kuchen,noun,A1,der,Kuchen,Kuchen,-,0,0,,,,,0,Ich nehme ein Stück Kuchen.,I’ll have a piece of cake.,der Kuchen	Ich nehme ein Stück Kuchen.	I’ll have a piece of cake.,verified
der Kugelschreiber,noun,A1,der,Kugelschreiber,Kugelschreiber,wiktionary,0,0,,,,,0,Hast du einen Kugelschreiber für mich?,Do you have a pen for me?,der Kugelschreiber	Hast du einen Kugelschreiber für mich?	Do you have a pen for me?,verified
der Kühlschrank,noun,A1,der,Kühlschrank,Kühlschränke,¨-e,0,0,,,,,0,"Haben wir noch Milch? – Ja, im Kühlschrank.","Do we still have milk? – Yes, in the fridge.","der Kühlschrank	Haben wir noch Milch? – Ja, im Kühlschrank.	Do we still have milk? – Yes, in the fridge.",verified
kulturell,other,A1,,kulturell,,,0,0,,,,,0,Ich bin kulturell interessiert. Ich gehe oft ins Museum.,I’m culturally interested. I often go to the museum.,kulturell	Ich bin kulturell interessiert. Ich gehe oft ins Museum.	I’m culturally interested. I often go to the museum.,
sich kümmern,other,A1,,sich kümmern,,,0,0,,,,,0,Jede Mutter kümmert sich um ihre kleinen Kinder.,Every mother takes care of her small children.,sich kümmern	Jede Mutter kümmert sich um ihre kleinen Kinder.	Every mother takes care of her small children.,
der Kunde,noun,A1,der,Kunde,Kunden,-n,0,0,,,,,0,"Einen Moment, bitte. Ich habe eine Kundin.","One moment, please. I have a customer.","der Kunde, -n	Einen Moment, bitte. Ich habe eine Kundin.	One moment, please. I have a customer.",verified
der Kurs,noun,A1,der,Kurs,Kurse,-e,0,0,,,,,0,Der Deutschkurs geht bis zum Sommer.,The German course goes until summer.,"der Kurs, -e	Der Deutschkurs geht bis zum Sommer.	The German course goes until summer.",verified
kurz,other,A1,,kurz,,,0,0,,,,,0,Ricardo hat kurzes Haar.,Ricardo has short hair.,kurz	Ricardo hat kurzes Haar.	Ricardo has short hair.,
lachen,verb,A1,,lachen,,,0,0,,,,,0,Die Kinder lachen viel.,The children laugh a lot.,lachen	Die Kinder lachen viel.	The children laugh a lot.,
der Laden,noun,A1,der,Laden,Läden,-ä,0,0,,,,,0,Im Buchladen können Sie Bücher kaufen.,You can buy books in the bookstore.,"der Laden, -ä	Im Buchladen können Sie Bücher kaufen.	You can buy books in the bookstore.",verified
das Land,noun,A1,das,Land,Länder,"-ä, er",0,0,,,,,0,Italien ist ein schönes Land.,Italy is a beautiful country.,"das Land, -ä, er	Italien ist ein schönes Land.	Italy is a beautiful country.",verified
lang,other,A1,,lang,,,0,0,,,,,0,Die Jeans ist zu lang.,The jeans are too long.,lang	Die Jeans ist zu lang.	The jeans are too long.,
lange,other,A1,,lange,,,0,0,,,,,0,Wie lange fährt der Zug von Hamburg nach Berlin?,How long does the train from Hamburg to Berlin take?,lange	Wie lange fährt der Zug von Hamburg nach Berlin?	How long does the train from Hamburg to Berlin take?,
langsam,other,A1,,langsam,,,0,0,,,,,0,Könnten Sie bitte etwas langsamer sprechen?,Could you please speak a little slower?,langsam	Könnten Sie bitte etwas langsamer sprechen?	Could you please speak a little slower?,
laufen,verb,A1,,laufen,,,0,0,,,,,0,"Ich möchte nicht Auto fahren, ich möchte laufen.",I don’t want to drive; I want to walk.,"laufen	Ich möchte nicht Auto fahren, ich möchte laufen.	I don’t want to drive; I want to walk.",
laut,other,A1,,laut,,,0,0,,,,,0,Nicht so laut! Das Baby schläft.,Not so loud! The baby is sleeping.,laut	Nicht so laut! Das Baby schläft.	Not so loud! The baby is sleeping.,
leben,verb,A1,,leben,,,0,0,,,,,0,Sie lebt bei ihrer Schwester.,She lives with her sister.,leben	Sie lebt bei ihrer Schwester.	She lives with her sister.,
das Leben,noun,A1,das,Leben,Leben,-,0,0,,,,,0,Das Leben in diesem Land ist teuer.,Life in this country is expensive.,das Leben	Das Leben in diesem Land ist teuer.	Life in this country is expensive.,verified
die Lebensmittel,noun,A1,die,Lebensmittel,Lebensmittel,wiktionary,0,1,,,,,0,Lebensmittel bekommen Sie im Supermarkt.,You can get groceries at the supermarket.,die Lebensmittel (pl.)	Lebensmittel bekommen Sie im Supermarkt.	You can get groceries at the supermarket.,verified
ledig,other,A1,,ledig,,,0,0,,,,,0,Sind Sie verheiratet? – Nein. Ledig.,Are you married? – No. Single.,ledig	Sind Sie verheiratet? – Nein. Ledig.	Are you married? – No. Single.,
legen,verb,A1,,legen,,,0,0,,,,,0,Legen Sie das Buch auf den Tisch.,Put the book on the table.,legen	Legen Sie das Buch auf den Tisch.	Put the book on the table.,
der Lehrer,noun,A1,der,Lehrer,Lehrer,–,0,0,,,,,0,Unsere Deutschlehrerin heißt Frau Müller.,Our German teacher is called Mrs. Müller.,"der Lehrer, –	Unsere Deutschlehrerin heißt Frau Müller.	Our German teacher is called Mrs. Müller.",verified
leicht,other,A1,,leicht,,,0,0,,,,,0,Der Koffer ist leicht.,The suitcase is light.,leicht(1)	Der Koffer ist leicht.	The suitcase is light.,
leider,other,A1,,leider,,,0,0,,,,,0,Leider kann ich nicht kommen. Ich muss zum Arzt.,"Unfortunately, I can’t come. I have to go to the doctor.","leider	Leider kann ich nicht kommen. Ich muss zum Arzt.	Unfortunately, I can’t come. I have to go to the doctor.",
leise,other,A1,,leise,,,0,0,,,,,0,Seid leise. Die anderen schlafen schon.,Be quiet. The others are already sleeping.,leise	Seid leise. Die anderen schlafen schon.	Be quiet. The others are already sleeping.,
lernen,verb,A1,,lernen,,,0,0,,,,,0,Wie lange lernen Sie schon Deutsch?,How long have you been learning German?,lernen	Wie lange lernen Sie schon Deutsch?	How long have you been learning German?,
lesen,verb,A1,,lesen,,,0,0,,,,,0,Ich lese ein Buch von García Márquez.,I’m reading a book by García Márquez.,lesen	Ich lese ein Buch von García Márquez.	I’m reading a book by García Márquez.,
letzt-,other,A1,,letzt-,,,0,0,,,,,0,Morgen ist der letzte Kurstag.,Tomorrow is the last day of the course.,letzt-	Morgen ist der letzte Kurstag.	Tomorrow is the last day of the course.,
die Leute,noun,A1,die,Leute,Leute,wiktionary,0,1,,,,,0,In der Disko sind viele Leute.,There are many people at the disco.,die Leute (pl.)	In der Disko sind viele Leute.	There are many people at the disco.,verified
das Licht,noun,A1,das,Licht,Lichter,-er,0,0,,,,,0,Wo macht man hier das Licht an?,Where do you turn on the light here?,das Licht	Wo macht man hier das Licht an?	Where do you turn on the light here?,verified
lieb-,other,A1,,lieb-,,,0,0,,,,,0,"Liebe Susanne, lieber Hans,","Dear Susanne, dear Hans,","lieb-	Liebe Susanne, lieber Hans,	Dear Susanne, dear Hans,",
lieben,verb,A1,,lieben,,,0,0,,,,,0,Ich liebe dich!,I love you!,lieben	Ich liebe dich!	I love you!,
lieber,other,A1,,lieber,,,0,0,,,,,0,Sie fährt lieber mit der Bahn.,She prefers to travel by train.,lieber	Sie fährt lieber mit der Bahn.	She prefers to travel by train.,
Lieblings-,other,A1,,Lieblings-,,,0,0,,,,,0,Mein Lieblingsfilm ist Schwarze Augen.,My favorite movie is Black Eyes.,Lieblings-	Mein Lieblingsfilm ist Schwarze Augen.	My favorite movie is Black Eyes.,
das Lied,noun,A1,das,Lied,Lieder,-er,0,0,,,,,0,Welches ist dein Lieblingslied?,What is your favorite song?,"das Lied, -er	Welches ist dein Lieblingslied?	What is your favorite song?",verified
liegen,verb,A1,,liegen,,,0,0,,,,,0,Um neun Uhr liegt Judith noch im Bett.,"At nine o’clock, Judith is still in bed.","liegen(1)	Um neun Uhr liegt Judith noch im Bett.	At nine o’clock, Judith is still in bed.",
links,other,A1,,links,,,0,0,,,,,0,Gehen Sie die nächste Straße links.,Go down the next street on the left.,links	Gehen Sie die nächste Straße links.	Go down the next street on the left.,
der Lkw,noun,A1,der,Lkw,Lkw,wiktionary,0,0,,,,,0,Dieser Lastkraftwagen ist sehr groß.,This truck is very large.,"der Lkw, -s	Dieser Lastkraftwagen ist sehr groß.	This truck is very large.",verified
das Lokal,noun,A1,das,Lokal,Lokale,-e,0,0,,,,,0,In unserer Straße gibt es ein neues Lokal.,There’s a new pub in our street.,das Lokal	In unserer Straße gibt es ein neues Lokal.	There’s a new pub in our street.,verified
die Lösung,noun,A1,die,Lösung,Lösungen,-en,0,0,,,,,0,Die Lösung ist ganz einfach.,The solution is quite simple.,"die Lösung, -en	Die Lösung ist ganz einfach.	The solution is quite simple.",verified
lustig,other,A1,,lustig,,,0,0,,,,,0,Frau Mertens ist lustig. Sie lacht immer.,Mrs. Mertens is funny. She always laughs.,lustig	Frau Mertens ist lustig. Sie lacht immer.	Mrs. Mertens is funny. She always laughs.,
machen,verb,A1,,machen,,,0,0,,,,,0,Was machst du heute Abend?,What are you doing this evening?,machen(1)	Was machst du heute Abend?	What are you doing this evening?,
das Mädchen,noun,A1,das,Mädchen,Mädchen,–,0,0,,,,,0,Familie Kurz bekommt ein Baby. – Junge oder Mädchen?,The Kurz family is having a baby. – Boy or girl?,"das Mädchen, –	Familie Kurz bekommt ein Baby. – Junge oder Mädchen?	The Kurz family is having a baby. – Boy or girl?",verified
man,other,A1,,man,,,0,0,,,,,0,Hier darf man nicht rauchen.,Smoking is not allowed here.,man	Hier darf man nicht rauchen.	Smoking is not allowed here.,
der Mann,noun,A1,der,Mann,Männer,"-ä, er",0,0,,,,,0,Mein Mann arbeitet bei der Polizei.,My husband works at the police.,"der Mann, -ä, er	Mein Mann arbeitet bei der Polizei.	My husband works at the police.",verified
männlich,other,A1,,männlich,,,0,0,,,,,0,Kreuzen Sie bitte an: weiblich oder „männlich“.,Please check: “female” or “male.”,männlich	Kreuzen Sie bitte an: weiblich oder „männlich“.	Please check: “female” or “male.”,
die Maschine,noun,A1,die,Maschine,Maschinen,-n,0,0,,,,,0,Die Waschmaschine ist günstig.,The washing machine is inexpensive.,"die Maschine, -n	Die Waschmaschine ist günstig.	The washing machine is inexpensive.",verified
das Meer,noun,A1,das,Meer,Meere,-e,0,0,,,,,0,Wir machen Urlaub am Meer.,We are vacationing by the sea.,das Meer	Wir machen Urlaub am Meer.	We are vacationing by the sea.,verified
mehr,other,A1,,mehr,,,0,0,,,,,0,Dieses Auto kostet 1.000 Euro mehr als das andere.,"This car costs 1,000 euros more than the other one.","mehr	Dieses Auto kostet 1.000 Euro mehr als das andere.	This car costs 1,000 euros more than the other one.",
mein,other,A1,,mein,,,0,0,,,,,0,Mein Vater ist Arzt.,My father is a doctor.,mein	Mein Vater ist Arzt.	My father is a doctor.,
meist-,other,A1,,meist-,,,0,0,,,,,0,Die meisten Norddeutschen sind sehr groß.,Most North Germans are very tall.,meist-	Die meisten Norddeutschen sind sehr groß.	Most North Germans are very tall.,
der Mensch,noun,A1,der,Mensch,Menschen,-en,0,0,,,,,0,Die Menschen sind hier anders als bei uns.,People here are different from us.,"der Mensch, -en	Die Menschen sind hier anders als bei uns.	People here are different from us.",verified
mieten,verb,A1,,mieten,,,0,0,,,,,0,Ich möchte ein Auto mieten.,I would like to rent a car.,mieten	Ich möchte ein Auto mieten.	I would like to rent a car.,
die Miete,noun,A1,die,Miete,Mieten,-n,0,0,,,,,0,Die Miete für diese Wohnung ist 600 Euro.,The rent for this apartment is 600 euros.,die Miete	Die Miete für diese Wohnung ist 600 Euro.	The rent for this apartment is 600 euros.,verified
die Milch,noun,A1,die,Milch,,,1,0,,,,,0,Die Milch steht im Kühlschrank.,The milk is in the refrigerator.,die Milch	Die Milch steht im Kühlschrank.	The milk is in the refrigerator.,verified
mit,preposition,A1,,mit,,,0,0,dativ,,,,0,Trinken Sie den Kaffee mit Milch?,Do you take your coffee with milk?,mit	Trinken Sie den Kaffee mit Milch?	Do you take your coffee with milk?,
mitbringen,verb,A1,,mitbringen,,,0,0,,,,,1,Ich gehe einkaufen. Soll ich dir was mitbringen?,I’m going shopping. Should I bring you something?,mitbringen	Ich gehe einkaufen. Soll ich dir was mitbringen?	I’m going shopping. Should I bring you something?,
mitkommen,verb,A1,,mitkommen,,,0,0,,,,,1,Ich gehe ins Kino. Kommst du mit?,I’m going to the cinema. Are you coming?,mitkommen	Ich gehe ins Kino. Kommst du mit?	I’m going to the cinema. Are you coming?,
mitmachen,verb,A1,,mitmachen,,,0,0,,,,,1,Warum macht ihr nicht mit?,Why don’t you join in?,mitmachen	Warum macht ihr nicht mit?	Why don’t you join in?,
mitnehmen,verb,A1,,mitnehmen,,,0,0,,,,,1,Nehmen wir meine Schwester ins Kino mit?,Should we take my sister to the cinema with us?,mitnehmen	Nehmen wir meine Schwester ins Kino mit?	Should we take my sister to the cinema with us?,
die Mitte,noun,A1,die,Mitte,Mitten,-n,0,0,,,,,0,Der Lehrer steht in der Mitte des Klassenzimmers.,The teacher is standing in the middle of the classroom.,die Mitte	Der Lehrer steht in der Mitte des Klassenzimmers.	The teacher is standing in the middle of the classroom.,verified
die Möbel,noun,A1,die,Möbel,Möbel,wiktionary,0,1,,,,,0,Sind die Möbel neu?,Are the furniture new?,die Möbel (pl.)	Sind die Möbel neu?	Are the furniture new?,verified
möchten,verb,A1,,möchten,,,0,0,,,,,0,Was möchten Sie trinken?,What would you like to drink?,möchten	Was möchten Sie trinken?	What would you like to drink?,
mögen,verb,A1,,mögen,,,0,0,,,,,0,Magst du Kaffee oder Tee?,Do you like coffee or tea?,mögen	Magst du Kaffee oder Tee?	Do you like coffee or tea?,
möglich,other,A1,,möglich,,,0,0,,,,,0,Mit dieser Fahrkarte ist die Fahrt ab 9 Uhr möglich.,"With this ticket, travel is possible from 9 a.m.","möglich	Mit dieser Fahrkarte ist die Fahrt ab 9 Uhr möglich.	With this ticket, travel is possible from 9 a.m.",
der Moment,noun,A1,der,Moment,Momente,-e,0,0,,,,,0,Moment mal bitte!,"Just a moment, please!","der Moment(1)	Moment mal bitte!	Just a moment, please!",verified
morgen,verb,A1,,morgen,,,0,0,,,,,0,Morgen beginnt die Schule um 10 Uhr.,School starts at 10 a.m. tomorrow.,morgen	Morgen beginnt die Schule um 10 Uhr.	School starts at 10 a.m. tomorrow.,
müde,other,A1,,müde,,,0,0,,,,,0,Ich bin müde. Ich gehe schlafen.,I’m tired. I’m going to sleep.,müde	Ich bin müde. Ich gehe schlafen.	I’m tired. I’m going to sleep.,
der Mund,noun,A1,der,Mund,Münder,¨-er,0,0,,,,,0,Öffnen Sie den Mund.,Open your mouth.,der Mund	Öffnen Sie den Mund.	Open your mouth.,verified
müssen,verb,A1,,müssen,,,0,0,,,,,0,Ich muss jeden Tag von 8 Uhr bis 18 Uhr arbeiten.,I have to work every day from 8 a.m. to 6 p.m.,müssen	Ich muss jeden Tag von 8 Uhr bis 18 Uhr arbeiten.	I have to work every day from 8 a.m. to 6 p.m.,
die Mutter,noun,A1,die,Mutter,Mütter,-ü,0,0,,,,,0,Frau Berghäuser ist die Mutter von Michaela.,Mrs. Berghäuser is Michaela’s mother.,"die Mutter, -ü	Frau Berghäuser ist die Mutter von Michaela.	Mrs. Berghäuser is Michaela’s mother.",verified
nach,preposition,A1,,nach,,,0,0,dativ,,,,0,Ich gehe jetzt nach Hause.,I’m going home now.,nach(1)	Ich gehe jetzt nach Hause.	I’m going home now.,
nächst-,other,A1,,nächst-,,,0,0,,,,,0,Sehen wir uns nächste Woche?,Shall we see each other next week?,nächst-	Sehen wir uns nächste Woche?	Shall we see each other next week?,
der Name,noun,A1,der,Name,Namen,-n,0,0,,,,,0,Mein Name ist Thomas Schmidt.,My name is Thomas Schmidt.,"der Name, -n(1)	Mein Name ist Thomas Schmidt.	My name is Thomas Schmidt.",verified
nehmen,verb,A1,,nehmen,,,0,0,,,,,0,Heute gibt es Hähnchen. Das nehme ich.,Today there’s chicken. I’ll take that.,nehmen(1)	Heute gibt es Hähnchen. Das nehme ich.	Today there’s chicken. I’ll take that.,
nein,other,A1,,nein,,,0,0,,,,,0,"Fährst du auch nach München? – Nein, ich habe keine Zeit.","Are you going to Munich too? – No, I don’t have time.","nein	Fährst du auch nach München? – Nein, ich habe keine Zeit.	Are you going to Munich too? – No, I don’t have time.",
neu,other,A1,,neu,,,0,0,,,,,0,Ich bin der neue Kollege.,I’m the new colleague.,neu(1)	Ich bin der neue Kollege.	I’m the new colleague.,
nicht,other,A1,,nicht,,,0,0,,,,,0,Das stimmt nicht.,That’s not true.,nicht(1)	Das stimmt nicht.	That’s not true.,
nichts,other,A1,,nichts,,,0,0,,,,,0,Das macht nichts.,It doesn’t matter.,nichts(1)	Das macht nichts.	It doesn’t matter.,
nie,other,A1,,nie,,,0,0,,,,,0,Er kommt nie pünktlich.,He never arrives on time.,nie	Er kommt nie pünktlich.	He never arrives on time.,
noch,other,A1,,noch,,,0,0,,,,,0,Vielleicht kommt er noch.,Maybe he’ll come after all.,noch(1)	Vielleicht kommt er noch.	Maybe he’ll come after all.,
normal,other,A1,,normal,,,0,0,,,,,0,75 kg. Sein Gewicht ist normal. 75 kg.,His weight is normal.,normal	75 kg. Sein Gewicht ist normal. 75 kg.	His weight is normal.,
die Nummer,noun,A1,die,Nummer,Nummern,-n,0,0,,,,,0,Sie haben Zimmer Nummer zwölf.,You have room number twelve.,"die Nummer, -n(1)	Sie haben Zimmer Nummer zwölf.	You have room number twelve.",verified
nur,other,A1,,nur,,,0,0,,,,,0,Ich möchte nur ein Glas Wasser.,I’d like only a glass of water.,nur	Ich möchte nur ein Glas Wasser.	I’d like only a glass of water.,
oben,verb,A1,,oben,,,0,0,,,,,0,Ich wohne oben.,I live upstairs.,oben	Ich wohne oben.	I live upstairs.,
das Obst,noun,A1,das,Obst,,,1,0,,,,,0,Im Sommer ist das Obst billig.,"In summer, the fruit is cheap.","das Obst	Im Sommer ist das Obst billig.	In summer, the fruit is cheap.",verified
oder,other,A1,,oder,,,0,0,,,,,0,Wann können Sie kommen – heute oder morgen?,When can you come – today or tomorrow?,oder	Wann können Sie kommen – heute oder morgen?	When can you come – today or tomorrow?,
öffnen,verb,A1,,öffnen,,,0,0,,,,,0,Ich öffne die Tür.,I’m opening the door.,öffnen	Ich öffne die Tür.	I’m opening the door.,
geöffnet,other,A1,,geöffnet,,,0,0,,,,,0,Der Laden ist samstags bis 16.00 Uhr geöffnet.,The store is open until 4 p.m. on Saturdays.,geöffnet	Der Laden ist samstags bis 16.00 Uhr geöffnet.	The store is open until 4 p.m. on Saturdays.,
oft,other,A1,,oft,,,0,0,,,,,0,Petra treffe ich oft.,I often meet Petra.,oft	Petra treffe ich oft.	I often meet Petra.,
ohne,preposition,A1,,ohne,,,0,0,akkusativ,,,,0,Ohne Geld kann er nichts kaufen.,"Without money, he can’t buy anything.","ohne(1)	Ohne Geld kann er nichts kaufen.	Without money, he can’t buy anything.",
die Oma,noun,A1,die,Oma,Omas,-s,0,0,,,,,0,Meine Oma ist schon tot.,My grandma is already dead.,"die Oma, -s	Meine Oma ist schon tot.	My grandma is already dead.",verified
der Opa,noun,A1,der,Opa,Opas,-s,0,0,,,,,0,Mein Opa heißt Hans.,My grandpa’s name is Hans.,"der Opa, -s	Mein Opa heißt Hans.	My grandpa’s name is Hans.",verified
die Ordnung,noun,A1,die,Ordnung,Ordnungen,-en,0,0,,,,,0,Das ist in Ordnung.,That’s all right.,die Ordnung	Das ist in Ordnung.	That’s all right.,verified
der Ort,noun,A1,der,Ort,Orte,-e,0,0,,,,,0,Der Ort liegt am Meer.,The place is by the sea.,"der Ort, -e	Der Ort liegt am Meer.	The place is by the sea.",verified
das Papier,noun,A1,das,Papier,Papiere,-e,0,0,,,,,0,Hier sind Papier und Bleistift.,Here are paper and pencil.,das Papier	Hier sind Papier und Bleistift.	Here are paper and pencil.,verified
die Papiere,noun,A1,die,Papiere,,,0,1,,,,,0,Haben Sie Ihre Papiere dabei?,Do you have your papers with you?,die Papiere (pl.)	Haben Sie Ihre Papiere dabei?	Do you have your papers with you?,unverified
der Partner,noun,A1,der,Partner,Partner,-,0,0,,,,,0,Sie ist meine Partnerin.,She is my partner.,"der Partner, -/ die Partnerin, -nen	Sie ist meine Partnerin.	She is my partner.",verified
die Partnerin,noun,A1,die,Partnerin,Partnerinnen,-nen,0,0,,,,,0,Sie ist meine Partnerin.,She is my partner.,"der Partner, -/ die Partnerin, -nen	Sie ist meine Partnerin.	She is my partner.",verified
die Party,noun,A1,die,Party,Partys,-s,0,0,,,,,0,Heute Abend machen wir eine Party.,We’re having a party tonight.,die Party	Heute Abend machen wir eine Party.	We’re having a party tonight.,verified
der Pass,noun,A1,der,Pass,Pässe,"-ä, e",0,0,,,,,0,Im Hotel brauchst du deinen Pass.,You need your passport at the hotel.,"der Pass, -ä, e	Im Hotel brauchst du deinen Pass.	You need your passport at the hotel.",verified
die Pause,noun,A1,die,Pause,Pausen,-n,0,0,,,,,0,Von 12.00 bis 12.30 Uhr haben wir Mittagspause.,We have a lunch break from 12:00 to 12:30.,"die Pause, -n	Von 12.00 bis 12.30 Uhr haben wir Mittagspause.	We have a lunch break from 12:00 to 12:30.",verified
der Plan,noun,A1,der,Plan,Pläne,"-ä, e",0,0,,,,,0,Ich kaufe mir einen Stadtplan.,I’m buying a city map.,"der Plan, -ä, e	Ich kaufe mir einen Stadtplan.	I’m buying a city map.",verified
der Platz,noun,A1,der,Platz,Plätze,"-ä, e",0,0,,,,,0,"Tut mir leid, der Platz ist besetzt.","Sorry, the seat is taken.","der Platz, -ä, e(1)	Tut mir leid, der Platz ist besetzt.	Sorry, the seat is taken.",verified
die Polizei,noun,A1,die,Polizei,,,1,0,,,,,0,Holen Sie die Polizei!,Call the police!,die Polizei	Holen Sie die Polizei!	Call the police!,verified
die Pommes frites,noun,A1,die,Pommes frites,Pommes frites,wiktionary,0,1,,,,,0,Die Kinder essen Hähnchen mit Pommes frites.,The children are eating chicken with fries.,die Pommes frites (pl.)	Die Kinder essen Hähnchen mit Pommes frites.	The children are eating chicken with fries.,verified
die Post,noun,A1,die,Post,,,1,0,,,,,0,"Wo ist die Post, bitte?","Where is the post office, please?","die Post(1)	Wo ist die Post, bitte?	Where is the post office, please?",verified
die Postleitzahl,noun,A1,die,Postleitzahl,Postleitzahlen,-en,0,0,,,,,0,Wie ist Ihre Postleitzahl?,What is your postal code?,die Postleitzahl	Wie ist Ihre Postleitzahl?	What is your postal code?,verified
das Praktikum,noun,A1,das,Praktikum,Praktika,wiktionary,0,0,,,,,0,Ich mache ein Praktikum bei Siemens.,I’m doing an internship at Siemens.,das Praktikum	Ich mache ein Praktikum bei Siemens.	I’m doing an internship at Siemens.,verified
die Praxis,noun,A1,die,Praxis,Praxen,wiktionary,0,0,,,,,0,Die Praxis ist ab acht Uhr geöffnet.,The practice is open from 8 a.m.,die Praxis	Die Praxis ist ab acht Uhr geöffnet.	The practice is open from 8 a.m.,verified
der Preis,noun,A1,der,Preis,Preise,-e,0,0,,,,,0,Die Preise sind hoch.,The prices are high.,"der Preis, -e	Die Preise sind hoch.	The prices are high.",verified
das Problem,noun,A1,das,Problem,Probleme,-e,0,0,,,,,0,Mein Problem ist die Sprache.,My problem is the language.,"das Problem, -e	Mein Problem ist die Sprache.	My problem is the language.",verified
der Prospekt,noun,A1,der,Prospekt,Prospekte,-e,0,0,,,,,0,Bitte schicken Sie mir einen Prospekt von Ihrem Hotel.,Please send me a brochure of your hotel.,"der Prospekt, -e	Bitte schicken Sie mir einen Prospekt von Ihrem Hotel.	Please send me a brochure of your hotel.",verified
die Prüfung,noun,A1,die,Prüfung,Prüfungen,-en,0,0,,,,,0,Die Prüfung ist am Montag um 8.00 Uhr.,The exam is on Monday at 8 a.m.,die Prüfung	Die Prüfung ist am Montag um 8.00 Uhr.	The exam is on Monday at 8 a.m.,verified
pünktlich,other,A1,,pünktlich,,,0,0,,,,,0,Der Bus fährt pünktlich um acht Uhr.,The bus leaves on time at 8 a.m.,pünktlich(1)	Der Bus fährt pünktlich um acht Uhr.	The bus leaves on time at 8 a.m.,
Rad fahren,other,A1,,Rad fahren,,,0,0,,,,,0,Das Kind kann schon Rad fahren.,The child can already ride a bike.,Rad fahren	Das Kind kann schon Rad fahren.	The child can already ride a bike.,
rauchen,verb,A1,,rauchen,,,0,0,,,,,0,Ich rauche nicht.,I don’t smoke.,rauchen	Ich rauche nicht.	I don’t smoke.,
der Raum,noun,A1,der,Raum,Räume,"-ä, e",0,0,,,,,0,Der Unterricht ist in Raum 332.,The class is in room 332.,"der Raum, -ä, e	Der Unterricht ist in Raum 332.	The class is in room 332.",verified
die Rechnung,noun,A1,die,Rechnung,Rechnungen,-en,0,0,,,,,0,"Die Rechnung, bitte.","The bill, please.","die Rechnung, -en	Die Rechnung, bitte.	The bill, please.",verified
rechts,other,A1,,rechts,,,0,0,,,,,0,Die Schillerstraße ist hier rechts.,Schiller Street is on the right here.,rechts	Die Schillerstraße ist hier rechts.	Schiller Street is on the right here.,
regnen,verb,A1,,regnen,,,0,0,,,,,0,Heute regnet es.,It’s raining today.,regnen	Heute regnet es.	It’s raining today.,
der Regen,noun,A1,der,Regen,,,1,0,,,,,0,Bei diesem Regen gehe ich nicht raus.,I’m not going out in this rain.,der Regen	Bei diesem Regen gehe ich nicht raus.	I’m not going out in this rain.,verified
der Reis,noun,A1,der,Reis,,,1,0,,,,,0,Ich esse gern Reis.,I like eating rice.,der Reis	Ich esse gern Reis.	I like eating rice.,verified
reisen,verb,A1,,reisen,,,0,0,,,,,0,Ich reise gern.,I like traveling.,reisen	Ich reise gern.	I like traveling.,
die Reise,noun,A1,die,Reise,Reisen,-n,0,0,,,,,0,Wir machen eine Reise nach Österreich.,We’re taking a trip to Austria.,die Reise	Wir machen eine Reise nach Österreich.	We’re taking a trip to Austria.,verified
das Reisebüro,noun,A1,das,Reisebüro,Reisebüros,-s,0,0,,,,,0,Mein Mann arbeitet im Reisebüro.,My husband works at a travel agency.,"das Reisebüro, -s	Mein Mann arbeitet im Reisebüro.	My husband works at a travel agency.",verified
der Reiseführer,noun,A1,der,Reiseführer,Reiseführer,-,0,0,,,,,0,Ich kaufe mir einen Reiseführer von Berlin.,I’m buying a guidebook about Berlin.,der Reiseführer(1)	Ich kaufe mir einen Reiseführer von Berlin.	I’m buying a guidebook about Berlin.,verified
reparieren,verb,A1,,reparieren,,,0,0,,,,,0,Er hat das Fahrrad repariert.,He repaired the bike.,reparieren	Er hat das Fahrrad repariert.	He repaired the bike.,
die Reparatur,noun,A1,die,Reparatur,Reparaturen,-en,0,0,,,,,0,Die Reparatur ist sehr teuer.,The repair is very expensive.,die Reparatur	Die Reparatur ist sehr teuer.	The repair is very expensive.,verified
das Restaurant,noun,A1,das,Restaurant,Restaurants,-s,0,0,,,,,0,Wir essen heute in einem Restaurant.,We’re eating at a restaurant today.,"das Restaurant, -s	Wir essen heute in einem Restaurant.	We’re eating at a restaurant today.",verified
die Rezeption,noun,A1,die,Rezeption,Rezeptionen,-en,0,0,,,,,0,Fragen Sie bitte im Hotel an der Rezeption.,Please ask at the reception desk at the hotel.,die Rezeption	Fragen Sie bitte im Hotel an der Rezeption.	Please ask at the reception desk at the hotel.,verified
richtig,other,A1,,richtig,,,0,0,,,,,0,Habe ich das richtig verstanden?,Did I understand that correctly?,richtig(1)	Habe ich das richtig verstanden?	Did I understand that correctly?,
riechen,verb,A1,,riechen,,,0,0,,,,,0,Dieser Wein riecht gut.,This wine smells good.,riechen	Dieser Wein riecht gut.	This wine smells good.,
ruhig,other,A1,,ruhig,,,0,0,,,,,0,Ich möchte ein ruhiges Zimmer.,I’d like a quiet room.,ruhig	Ich möchte ein ruhiges Zimmer.	I’d like a quiet room.,
der Saft,noun,A1,der,Saft,Säfte,¨-e,0,0,,,,,0,Möchtest du einen Apfelsaft?,Would you like an apple juice?,der Saft	Möchtest du einen Apfelsaft?	Would you like an apple juice?,verified
sagen,verb,A1,,sagen,,,0,0,,,,,0,"Sag mal, wie geht es dir denn?","Tell me, how are you doing?","sagen	Sag mal, wie geht es dir denn?	Tell me, how are you doing?",
der Salat,noun,A1,der,Salat,Salate,-e,0,0,,,,,0,Wie schmeckt dir der Salat?,How do you like the salad?,der Salat	Wie schmeckt dir der Salat?	How do you like the salad?,verified
das Salz,noun,A1,das,Salz,Salze,-e,0,0,,,,,0,"Herr Ober, kann ich bitte Salz haben?","Waiter, may I have some salt, please?","das Salz	Herr Ober, kann ich bitte Salz haben?	Waiter, may I have some salt, please?",verified
der Satz,noun,A1,der,Satz,Sätze,"-ä, e",0,0,,,,,0,Dieser Satz ist sehr einfach.,This sentence is very simple.,"der Satz, -ä, e	Dieser Satz ist sehr einfach.	This sentence is very simple.",verified
die S-Bahn,noun,A1,die,S-Bahn,S-Bahnen,wiktionary,0,0,,,,,0,Ich nehme lieber die S-Bahn.,I’d prefer to take the S-Bahn.,die S-Bahn	Ich nehme lieber die S-Bahn.	I’d prefer to take the S-Bahn.,verified
der Schalter,noun,A1,der,Schalter,Schalter,-,0,0,,,,,0,Gehen Sie bitte zum Schalter drei!,Please go to counter three!,der Schalter	Gehen Sie bitte zum Schalter drei!	Please go to counter three!,verified
scheinen,verb,A1,,scheinen,,,0,0,,,,,0,Die Sonne scheint.,The sun is shining.,scheinen	Die Sonne scheint.	The sun is shining.,
schicken,verb,A1,,schicken,,,0,0,,,,,0,Bitte schicken Sie mir eine E-Mail.,Please send me an email.,schicken	Bitte schicken Sie mir eine E-Mail.	Please send me an email.,
das Schild,noun,A1,das,Schild,Schilde,wiktionary,0,0,,,,,0,Haben Sie nicht das Schild gesehen?,Didn’t you see the sign?,"das Schild, -er	Haben Sie nicht das Schild gesehen?	Didn’t you see the sign?",verified
der Schinken,noun,A1,der,Schinken,Schinken,–,0,0,,,,,0,Ich möchte gern ein Schinkenbrot.,I’d like a ham sandwich.,"der Schinken, –	Ich möchte gern ein Schinkenbrot.	I’d like a ham sandwich.",verified
schlafen,verb,A1,,schlafen,,,0,0,,,,,0,Ich schlafe meistens acht Stunden.,I usually sleep for eight hours.,schlafen	Ich schlafe meistens acht Stunden.	I usually sleep for eight hours.,
schlecht,other,A1,,schlecht,,,0,0,,,,,0,Mir ist schlecht!,I feel sick!,schlecht(1)	Mir ist schlecht!	I feel sick!,
schließen,verb,A1,,schließen,,,0,0,,,,,0,"Bitte, schließen Sie die Tür.",Please close the door.,"schließen	Bitte, schließen Sie die Tür.	Please close the door.",
geschlossen,verb,A1,,geschlossen,,,0,0,,,,,0,Die Bank hat am Samstag geschlossen.,The bank is closed on Saturday.,geschlossen	Die Bank hat am Samstag geschlossen.	The bank is closed on Saturday.,
der Schluss,noun,A1,der,Schluss,Schlüsse,¨-e,0,0,,,,,0,Ich muss jetzt Schluss machen.,I have to finish now.,der Schluss(1)	Ich muss jetzt Schluss machen.	I have to finish now.,verified
der Schlüssel,noun,A1,der,Schlüssel,Schlüssel,–,0,0,,,,,0,Ich gebe Ihnen noch den Zimmerschlüssel.,I’ll give you the room key.,"der Schlüssel, –	Ich gebe Ihnen noch den Zimmerschlüssel.	I’ll give you the room key.",verified
schmecken,verb,A1,,schmecken,,,0,0,,,,,0,Schmeckt das gut?,Does it taste good?,schmecken	Schmeckt das gut?	Does it taste good?,
schnell,other,A1,,schnell,,,0,0,,,,,0,Er fährt schnell.,He drives fast.,schnell	Er fährt schnell.	He drives fast.,
schon,other,A1,,schon,,,0,0,,,,,0,Ist das Essen schon fertig?,Is the food ready yet?,schon(1)	Ist das Essen schon fertig?	Is the food ready yet?,
schön,other,A1,,schön,,,0,0,,,,,0,Schönen Urlaub!,Have a nice vacation!,schön(1)	Schönen Urlaub!	Have a nice vacation!,
der Schrank,noun,A1,der,Schrank,Schränke,"-ä, e",0,0,,,,,0,Die Gläser stehen im Schrank.,The glasses are in the cupboard.,"der Schrank, -ä, e	Die Gläser stehen im Schrank.	The glasses are in the cupboard.",verified
schreiben,verb,A1,,schreiben,,,0,0,,,,,0,Er schreibt jeden Tag fünfzig E-Mails.,He writes fifty emails every day.,schreiben	Er schreibt jeden Tag fünfzig E-Mails.	He writes fifty emails every day.,
der Schuh,noun,A1,der,Schuh,Schuhe,-e,0,0,,,,,0,Zieh die Schuhe aus!,Take off your shoes!,"der Schuh, -e	Zieh die Schuhe aus!	Take off your shoes!",verified
die Schule,noun,A1,die,Schule,Schulen,-n,0,0,,,,,0,Meine Tochter geht schon in die Schule.,My daughter is already in school.,die Schule(1)	Meine Tochter geht schon in die Schule.	My daughter is already in school.,verified
der Schüler,noun,A1,der,Schüler,Schüler,–,0,0,,,,,0,In meinem Kurs sind acht Schülerinnen und fünf Schüler.,"In my class, there are eight female students and five male students.","der Schüler, –	In meinem Kurs sind acht Schülerinnen und fünf Schüler.	In my class, there are eight female students and five male students.",verified
schwer,other,A1,,schwer,,,0,0,,,,,0,Ist Ihr Gepäck sehr schwer?,Is your luggage very heavy?,schwer(1)	Ist Ihr Gepäck sehr schwer?	Is your luggage very heavy?,
die Schwester,noun,A1,die,Schwester,Schwestern,-n,0,0,,,,,0,Meine Schwester kommt am Dienstag.,My sister is coming on Tuesday.,"die Schwester, -n	Meine Schwester kommt am Dienstag.	My sister is coming on Tuesday.",verified
schwimmen,verb,A1,,schwimmen,,,0,0,,,,,0,Ich schwimme jeden Tag einen Kilometer.,I swim a kilometer every day.,schwimmen	Ich schwimme jeden Tag einen Kilometer.	I swim a kilometer every day.,
das Schwimmbad,noun,A1,das,Schwimmbad,Schwimmbäder,¨-er,0,0,,,,,0,Kommst du mit ins Schwimmbad?,Are you coming to the swimming pool?,das Schwimmbad	Kommst du mit ins Schwimmbad?	Are you coming to the swimming pool?,verified
der See,noun,A1,der,See,Seen,-n,0,0,,,,,0,"Komm, wir fahren zum Starnberger See.",Let’s go to Lake Starnberg.,"der See	Komm, wir fahren zum Starnberger See.	Let’s go to Lake Starnberg.",verified
sehen,verb,A1,,sehen,,,0,0,,,,,0,Ich kann dich nicht sehen.,I can’t see you.,sehen(1)	Ich kann dich nicht sehen.	I can’t see you.,
die Sehenswürdigkeit,noun,A1,die,Sehenswürdigkeit,Sehenswürdigkeiten,-en,0,0,,,,,0,Welche Sehenswürdigkeiten gibt es in Frankfurt?,What sights are there to see in Frankfurt?,"die Sehenswürdigkeit, -en	Welche Sehenswürdigkeiten gibt es in Frankfurt?	What sights are there to see in Frankfurt?",verified
sehr,other,A1,,sehr,,,0,0,,,,,0,Danke sehr!,Thank you very much!,sehr(1)	Danke sehr!	Thank you very much!,
sein,other,A1,,sein,,,0,0,,,,,0,Herr Müller ist in seinem Zimmer.,Mr. Müller is in his room.,sein(1)	Herr Müller ist in seinem Zimmer.	Mr. Müller is in his room.,
weg sein,other,A1,,weg sein,,,0,0,,,,,0,Herr Meier ist schon weg.,Mr. Meier is already gone.,weg sein	Herr Meier ist schon weg.	Mr. Meier is already gone.,
zu sein,other,A1,,zu sein,,,0,0,,,,,0,Die Tür ist zu.,The door is closed.,zu sein	Die Tür ist zu.	The door is closed.,
seit,preposition,A1,,seit,,,0,0,dativ,,,,0,Ich wohne seit drei Jahren in Köln.,I have been living in Cologne for three years.,seit	Ich wohne seit drei Jahren in Köln.	I have been living in Cologne for three years.,
selbstständig,other,A1,,selbstständig,,,0,0,,,,,0,Er ist selbstständig.,He is self-employed.,selbstständig	Er ist selbstständig.	He is self-employed.,
sich,other,A1,,sich,,,0,0,,,,,0,Sie müssen sich erst anmelden.,You must first register.,sich	Sie müssen sich erst anmelden.	You must first register.,
sie,other,A1,,sie,,,0,0,,,,,0,Wie heißt sie?,What’s her name?,sie(1)	Wie heißt sie?	What’s her name?,
sitzen,verb,A1,,sitzen,,,0,0,,,,,0,Wo sitzen Sie?,Where are you sitting?,sitzen	Wo sitzen Sie?	Where are you sitting?,
so,other,A1,,so,,,0,0,,,,,0,Sie müssen das so machen!,You have to do it like this!,so(1)	Sie müssen das so machen!	You have to do it like this!,
das Sofa,noun,A1,das,Sofa,Sofas,-s,0,0,,,,,0,Das Sofa ist neu.,The sofa is new.,das Sofa	Das Sofa ist neu.	The sofa is new.,verified
sofort,other,A1,,sofort,,,0,0,,,,,0,Bitte antworten Sie sofort.,Please answer immediately.,sofort	Bitte antworten Sie sofort.	Please answer immediately.,
der Sohn,noun,A1,der,Sohn,Söhne,"-ö, e",0,0,,,,,0,"Das ist Hans, mein Sohn.","This is Hans, my son.","der Sohn, -ö, e	Das ist Hans, mein Sohn.	This is Hans, my son.",verified
sollen,verb,A1,,sollen,,,0,0,,,,,0,Soll ich kommen?,Should I come?,sollen(1)	Soll ich kommen?	Should I come?,
die Sonne,noun,A1,die,Sonne,Sonnen,-n,0,0,,,,,0,Die Sonne scheint.,The sun is shining.,die Sonne	Die Sonne scheint.	The sun is shining.,verified
spät,other,A1,,spät,,,0,0,,,,,0,"Es ist schon spät, ich muss gehen.","It’s already late, I have to go.","spät	Es ist schon spät, ich muss gehen.	It’s already late, I have to go.",
später,other,A1,,später,,,0,0,,,,,0,Das können wir später machen.,We can do that later.,später	Das können wir später machen.	We can do that later.,
die Speisekarte,noun,A1,die,Speisekarte,Speisekarten,-n,0,0,,,,,0,"Bringen Sie mir die Speisekarte, bitte.",Please bring me the menu.,"die Speisekarte	Bringen Sie mir die Speisekarte, bitte.	Please bring me the menu.",verified
spielen,verb,A1,,spielen,,,0,0,,,,,0,Die Kinder spielen draußen.,The children are playing outside.,spielen(1)	Die Kinder spielen draußen.	The children are playing outside.,
der Sport,noun,A1,der,Sport,,,1,0,,,,,0,Ich mache viel Sport.,I do a lot of sports.,der Sport	Ich mache viel Sport.	I do a lot of sports.,verified
die Sprache,noun,A1,die,Sprache,Sprachen,-n,0,0,,,,,0,Welche Sprachen sprichst du?,What languages do you speak?,"die Sprache, -n	Welche Sprachen sprichst du?	What languages do you speak?",verified
sprechen,verb,A1,,sprechen,,,0,0,,,,,0,Kann ich (mit) Herrn Klein sprechen?,May I speak with Mr. Klein?,sprechen	Kann ich (mit) Herrn Klein sprechen?	May I speak with Mr. Klein?,
die Stadt,noun,A1,die,Stadt,Städte,"-ä, e",0,0,,,,,0,Heidelberg ist eine alte Stadt.,Heidelberg is an old city.,"die Stadt, -ä, e	Heidelberg ist eine alte Stadt.	Heidelberg is an old city.",verified
stehen,verb,A1,,stehen,,,0,0,,,,,0,"Ich glaube es nicht, aber es steht in der Zeitung.","I don’t believe it, but it’s written in the newspaper.","stehen(1)	Ich glaube es nicht, aber es steht in der Zeitung.	I don’t believe it, but it’s written in the newspaper.",
die Stelle,noun,A1,die,Stelle,Stellen,-n,0,0,,,,,0,Ich habe eine neue Stelle.,I have a new job.,"die Stelle, -n	Ich habe eine neue Stelle.	I have a new job.",verified
stellen,verb,A1,,stellen,,,0,0,,,,,0,Stell die Tasche rechts in die Ecke!,Put the bag in the corner on the right!,stellen	Stell die Tasche rechts in die Ecke!	Put the bag in the corner on the right!,
der Stock,noun,A1,der,Stock,Stöcke,¨-e,0,0,,,,,0,Unsere Wohnung liegt im ersten Stock.,Our apartment is on the first floor.,der Stock	Unsere Wohnung liegt im ersten Stock.	Our apartment is on the first floor.,verified
die Straße,noun,A1,die,Straße,Straßen,-n,0,0,,,,,0,In welcher Straße wohnen Sie?,Which street do you live on?,"die Straße, -n	In welcher Straße wohnen Sie?	Which street do you live on?",verified
die Straßenbahn,noun,A1,die,Straßenbahn,Straßenbahnen,-en,0,0,,,,,0,Wo fährt die Straßenbahn ab?,Where does the tram depart from?,die Straßenbahn	Wo fährt die Straßenbahn ab?	Where does the tram depart from?,verified
studieren,verb,A1,,studieren,,,0,0,,,,,0,Ich studiere in Mainz.,I study in Mainz.,studieren	Ich studiere in Mainz.	I study in Mainz.,
das Studium,noun,A1,das,Studium,,,1,0,,,,,0,Das Studium beginnt im Oktober.,The studies begin in October.,das Studium	Das Studium beginnt im Oktober.	The studies begin in October.,verified
der Student,noun,A1,der,Student,Studenten,-en,0,0,,,,,0,Ich bin Studentin.,I’m a student (female).,"der Student, -en	Ich bin Studentin.	I’m a student (female).",verified
die Stunde,noun,A1,die,Stunde,Stunden,-n,0,0,,,,,0,Ich bin in einer Stunde zurück.,I’ll be back in an hour.,"die Stunde, -n	Ich bin in einer Stunde zurück.	I’ll be back in an hour.",verified
suchen,verb,A1,,suchen,,,0,0,,,,,0,Suchst du etwas?,Are you looking for something?,suchen	Suchst du etwas?	Are you looking for something?,
tanzen,verb,A1,,tanzen,,,0,0,,,,,0,Tanzen Sie gern?,Do you like dancing?,tanzen	Tanzen Sie gern?	Do you like dancing?,
die Tasche,noun,A1,die,Tasche,Taschen,-n,0,0,,,,,0,Ich habe die Schlüssel in der Tasche.,I have the keys in the bag.,"die Tasche, -n	Ich habe die Schlüssel in der Tasche.	I have the keys in the bag.",verified
das Taxi,noun,A1,das,Taxi,Taxis,-s,0,0,,,,,0,Es gibt heute keinen Bus mehr. Er fährt mit dem Taxi.,There’s no more bus today. He’s taking a taxi.,"das Taxi, -s	Es gibt heute keinen Bus mehr. Er fährt mit dem Taxi.	There’s no more bus today. He’s taking a taxi.",verified
der Tee,noun,A1,der,Tee,Tees,-s,0,0,,,,,0,Ich trinke morgens immer Tee.,I always drink tea in the morning.,der Tee	Ich trinke morgens immer Tee.	I always drink tea in the morning.,verified
der Teil,noun,A1,der,Teil,Teile,-e,0,0,,,,,0,Lies bitte auch den zweiten Teil.,Please also read the second part.,"der Teil, -e	Lies bitte auch den zweiten Teil.	Please also read the second part.",verified
telefonieren,verb,A1,,telefonieren,,,0,0,,,,,0,Darf ich mal telefonieren?,May I make a phone call?,telefonieren	Darf ich mal telefonieren?	May I make a phone call?,
das Telefon,noun,A1,das,Telefon,Telefone,-e,0,0,,,,,0,Haben Sie Telefon?,Do you have a phone?,das Telefon	Haben Sie Telefon?	Do you have a phone?,verified
der Termin,noun,A1,der,Termin,Termine,-e,0,0,,,,,0,Am besten machen wir sofort einen Termin.,It’s best if we schedule an appointment right away.,"der Termin, -e	Am besten machen wir sofort einen Termin.	It’s best if we schedule an appointment right away.",verified
der Test,noun,A1,der,Test,Tests,wiktionary,0,0,,,,,0,Der Test war einfach.,The test was easy.,der Test	Der Test war einfach.	The test was easy.,verified
teuer,other,A1,,teuer,,,0,0,,,,,0,Das ist mir zu teuer.,That’s too expensive for me.,teuer	Das ist mir zu teuer.	That’s too expensive for me.,
der Text,noun,A1,der,Text,Texte,-e,0,0,,,,,0,Lesen Sie bitte diesen Text.,Please read this text.,"der Text, -e	Lesen Sie bitte diesen Text.	Please read this text.",verified
das Thema,noun,A1,das,Thema,Themen,wiktionary,0,0,,,,,0,Wir sprechen heute über das Thema „Essen und Trinken“.,"Today, we’re talking about the topic of food and drink.","das Thema	Wir sprechen heute über das Thema „Essen und Trinken“.	Today, we’re talking about the topic of food and drink.",verified
das Ticket,noun,A1,das,Ticket,Tickets,-s,0,0,,,,,0,Wie viel kostet das Ticket?,How much does the ticket cost?,"das Ticket, -s	Wie viel kostet das Ticket?	How much does the ticket cost?",verified
der Tisch,noun,A1,der,Tisch,Tische,-e,0,0,,,,,0,Die Fotos liegen auf dem Tisch.,The photos are on the table.,"der Tisch, -e	Die Fotos liegen auf dem Tisch.	The photos are on the table.",verified
die Tochter,noun,A1,die,Tochter,Töchter,-ö,0,0,,,,,0,Das ist meine Tochter Katharina.,This is my daughter Katharina.,"die Tochter, -ö	Das ist meine Tochter Katharina.	This is my daughter Katharina.",verified
die Toilette,noun,A1,die,Toilette,Toiletten,-en,0,0,,,,,0,"Wo ist die Toilette, bitte?","Where is the restroom, please?","die Toilette, -en	Wo ist die Toilette, bitte?	Where is the restroom, please?",verified
die Tomate,noun,A1,die,Tomate,Tomaten,-n,0,0,,,,,0,Die Tomate ist noch grün.,The tomato is still green.,"die Tomate, -n	Die Tomate ist noch grün.	The tomato is still green.",verified
tot,other,A1,,tot,,,0,0,,,,,0,Sein Vater ist schon lange tot.,His father has been dead for a long time.,tot	Sein Vater ist schon lange tot.	His father has been dead for a long time.,
treffen,verb,A1,,treffen,,,0,0,,,,,0,Ich treffe in der Stadt einen Kollegen.,I’m meeting a colleague in the city.,(sich) treffen(1)	Ich treffe in der Stadt einen Kollegen.	I’m meeting a colleague in the city.,
die Treppe,noun,A1,die,Treppe,Treppen,-n,0,0,,,,,0,Die Toilette? Die Treppe hoch und dann links.,The restroom? Up the stairs and then to the left.,"die Treppe, -n	Die Toilette? Die Treppe hoch und dann links.	The restroom? Up the stairs and then to the left.",verified
trinken,verb,A1,,trinken,,,0,0,,,,,0,Möchtest du etwas trinken?,Would you like something to drink?,trinken	Möchtest du etwas trinken?	Would you like something to drink?,
tschüss,other,A1,,tschüss,,,0,0,,,,,0,Junge Leute sagen meistens „tschüss!“ und nicht „auf Wiedersehen“.,Young people mostly say bye and not goodbye.,tschüss	Junge Leute sagen meistens „tschüss!“ und nicht „auf Wiedersehen“.	Young people mostly say bye and not goodbye.,
tun,other,A1,,tun,,,0,0,,,,,0,Ich habe noch etwas zu tun.,I still have something to do.,tun(1)	Ich habe noch etwas zu tun.	I still have something to do.,
über,preposition,A1,,über,,,0,0,wechsel,,,,0,Gehen Sie hier über die Straße.,Cross the street here.,über(1)	Gehen Sie hier über die Straße.	Cross the street here.,
übernachten,verb,A1,,übernachten,,,0,0,,,,,0,Du kannst bei mir übernachten.,You can stay the night at my place.,übernachten	Du kannst bei mir übernachten.	You can stay the night at my place.,
überweisen,verb,A1,,überweisen,,,0,0,,,,,0,Sie können das Geld auch überweisen.,You can also transfer the money.,überweisen	Sie können das Geld auch überweisen.	You can also transfer the money.,
die Uhr,noun,A1,die,Uhr,Uhren,-en,0,0,,,,,0,Es ist vier Uhr.,It’s four o'clock.,die Uhr	Es ist vier Uhr.	It’s four o'clock.,verified
um,preposition,A1,,um,,,0,0,akkusativ,,,,0,Er kommt um sieben Uhr.,He’s coming at seven o'clock.,um(1)	Er kommt um sieben Uhr.	He’s coming at seven o'clock.,
umziehen,verb,A1,,umziehen,,,0,0,,,,,0,Nächsten Monat ziehen wir um.,We are moving next month.,umziehen	Nächsten Monat ziehen wir um.	We are moving next month.,
und,other,A1,,und,,,0,0,,,,,0,Peter und Helmut sind meine Söhne.,Peter and Helmut are my sons.,und	Peter und Helmut sind meine Söhne.	Peter and Helmut are my sons.,
unser-,other,A1,,unser-,,,0,0,,,,,0,Das ist unsere Lehrerin.,This is our teacher.,unser-	Das ist unsere Lehrerin.	This is our teacher.,
unten,verb,A1,,unten,,,0,0,,,,,0,Er wohnt ganz unten im Haus.,He lives at the very bottom of the house.,unten	Er wohnt ganz unten im Haus.	He lives at the very bottom of the house.,
unter,preposition,A1,,unter,,,0,0,wechsel,,,,0,Unter uns wohnt eine Familie mit drei Kindern.,A family with three children lives below us.,unter	Unter uns wohnt eine Familie mit drei Kindern.	A family with three children lives below us.,
der Unterricht,noun,A1,der,Unterricht,,,1,0,,,,,0,Wir haben Unterricht von 8.00 bis 12.00 Uhr.,We have class from 8:00 to 12:00.,der Unterricht	Wir haben Unterricht von 8.00 bis 12.00 Uhr.	We have class from 8:00 to 12:00.,verified
unterschreiben,verb,A1,,unterschreiben,,,0,0,,,,,0,Wo muss ich unterschreiben?,Where do I have to sign?,unterschreiben	Wo muss ich unterschreiben?	Where do I have to sign?,
die Unterschrift,noun,A1,die,Unterschrift,Unterschriften,-en,0,0,,,,,0,Hier fehlt noch Ihre Unterschrift.,Your signature is still missing here.,die Unterschrift	Hier fehlt noch Ihre Unterschrift.	Your signature is still missing here.,verified
der Urlaub,noun,A1,der,Urlaub,Urlaube,-e,0,0,,,,,0,Ich nehme im September Urlaub.,I’m taking a vacation in September.,der Urlaub	Ich nehme im September Urlaub.	I’m taking a vacation in September.,verified
der Vater,noun,A1,der,Vater,Väter,-ä,0,0,,,,,0,Mein Vater ist Arbeiter.,My father is a worker.,"der Vater, -ä	Mein Vater ist Arbeiter.	My father is a worker.",verified
verboten,verb,A1,,verboten,,,0,0,,,,,0,Hier ist Rauchen verboten.,Smoking is forbidden here.,verboten	Hier ist Rauchen verboten.	Smoking is forbidden here.,
verdienen,verb,A1,,verdienen,,,0,0,,,,,0,Ich verdiene 1.500 Euro im Monat.,"I earn 1,500 euros a month.","verdienen	Ich verdiene 1.500 Euro im Monat.	I earn 1,500 euros a month.",
der Verein,noun,A1,der,Verein,Vereine,-e,0,0,,,,,0,Es gibt einen neuen Sportverein in der Stadt.,There’s a new sports club in the city.,der Verein	Es gibt einen neuen Sportverein in der Stadt.	There’s a new sports club in the city.,verified
verheiratet,other,A1,,verheiratet,,,0,0,,,,,0,Ich bin verheiratet und habe drei Kinder.,I am married and have three children.,verheiratet	Ich bin verheiratet und habe drei Kinder.	I am married and have three children.,
verkaufen,verb,A1,,verkaufen,,,0,0,,,,,0,Er verkauft sein altes Auto.,He’s selling his old car.,verkaufen	Er verkauft sein altes Auto.	He’s selling his old car.,
der Verkäufer,noun,A1,der,Verkäufer,Verkäufer,–,0,0,,,,,0,Meine Mutter ist Verkäuferin im Kaufhaus.,My mother is a saleswoman in the department store.,"der Verkäufer, –	Meine Mutter ist Verkäuferin im Kaufhaus.	My mother is a saleswoman in the department store.",verified
vermieten,verb,A1,,vermieten,,,0,0,,,,,0,Die Wohnung ist schon vermietet.,The apartment has already been rented out.,vermieten	Die Wohnung ist schon vermietet.	The apartment has already been rented out.,
der Vermieter,noun,A1,der,Vermieter,Vermieter,wiktionary,0,0,,,,,0,Unser Vermieter heißt Huber. Er wohnt auch hier.,Our landlord’s name is Huber. He lives here too.,der Vermieter	Unser Vermieter heißt Huber. Er wohnt auch hier.	Our landlord’s name is Huber. He lives here too.,verified
verstehen,verb,A1,,verstehen,,,0,0,,,,,0,Können Sie mich verstehen?,Can you understand me?,verstehen	Können Sie mich verstehen?	Can you understand me?,
der Verwandte,noun,A1,der,Verwandte,Verwandten,-n,0,0,,,,,0,Peter besucht seine Verwandten in Polen.,Peter is visiting his relatives in Poland.,"der Verwandte, -n	Peter besucht seine Verwandten in Polen.	Peter is visiting his relatives in Poland.",verified
viel,other,A1,,viel,,,0,0,,,,,0,Hier regnet es viel.,It rains a lot here.,viel	Hier regnet es viel.	It rains a lot here.,
vielleicht,other,A1,,vielleicht,,,0,0,,,,,0,Ich komme vielleicht mit dem Bus.,Maybe I’ll take the bus.,vielleicht	Ich komme vielleicht mit dem Bus.	Maybe I’ll take the bus.,
von,preposition,A1,,von,,,0,0,dativ,,,,0,Das Auto von Felix ist kaputt.,Felix's car is broken.,von(1)	Das Auto von Felix ist kaputt.	Felix's car is broken.,
vor,preposition,A1,,vor,,,0,0,wechsel,,,,0,Der Termin war vor einer Stunde.,The appointment was an hour ago.,vor(1)	Der Termin war vor einer Stunde.	The appointment was an hour ago.,
der Vorname,noun,A1,der,Vorname,Vornamen,-n,0,0,,,,,0,"Ich heiße Müller, mein Vorname ist Eva.","My last name is Müller, my first name is Eva.","der Vorname, -n	Ich heiße Müller, mein Vorname ist Eva.	My last name is Müller, my first name is Eva.",verified
die Vorsicht,noun,A1,die,Vorsicht,,,0,0,,,,,0,Vorsicht! Da kommt ein Auto.,Watch out! A car is coming.,die Vorsicht	Vorsicht! Da kommt ein Auto.	Watch out! A car is coming.,verified
vorstellen,verb,A1,,vorstellen,,,0,0,,,,,1,Wir wollen uns kennenlernen.,Können Sie sich bitte vorstellen? We want to get to know each other. Could you please introduce yourself?,(sich) vorstellen	Wir wollen uns kennenlernen.	Können Sie sich bitte vorstellen? We want to get to know each other. Could you please introduce yourself?,
die Vorwahl,noun,A1,die,Vorwahl,Vorwahlen,wiktionary,0,0,,,,,0,Wie ist die Vorwahl von München?,What’s the area code for Munich?,die Vorwahl	Wie ist die Vorwahl von München?	What’s the area code for Munich?,verified
wandern,verb,A1,,wandern,,,0,0,,,,,0,Wir wandern um den Chiemsee.,We are hiking around Lake Chiemsee.,wandern	Wir wandern um den Chiemsee.	We are hiking around Lake Chiemsee.,
wann,other,A1,,wann,,,0,0,,,,,0,Wann bist du fertig?,When will you be done?,wann(1)	Wann bist du fertig?	When will you be done?,
warten,verb,A1,,warten,,,0,0,,,,,0,Können Sie ein paar Minuten warten?,Can you wait for a few minutes?,warten(1)	Können Sie ein paar Minuten warten?	Can you wait for a few minutes?,
warum,other,A1,,warum,,,0,0,,,,,0,Warum kommt er nicht?,Why isn’t he coming?,warum	Warum kommt er nicht?	Why isn’t he coming?,
was,other,A1,,was,,,0,0,,,,,0,Was ist das?,What is that?,was(1)	Was ist das?	What is that?,
was für ein,other,A1,,was für ein,,,0,0,,,,,0,Was für eine Farbe möchten Sie?,What color would you like?,was für ein	Was für eine Farbe möchten Sie?	What color would you like?,
waschen,verb,A1,,waschen,,,0,0,,,,,0,Wo kann ich mir die Hände waschen?,Where can I wash my hands?,(sich) waschen(1)	Wo kann ich mir die Hände waschen?	Where can I wash my hands?,
das Wasser,noun,A1,das,Wasser,,,1,0,,,,,0,"Ein Glas Wasser, bitte.","A glass of water, please.","das Wasser	Ein Glas Wasser, bitte.	A glass of water, please.",verified
weh tun,other,A1,,weh tun,,,0,0,,,,,0,Ich muss zum Arzt. Mein Bein tut weh.,I need to see the doctor. My leg hurts.,weh tun	Ich muss zum Arzt. Mein Bein tut weh.	I need to see the doctor. My leg hurts.,
weiblich,other,A1,,weiblich,,,0,0,,,,,0,Kreuzen Sie bitte an: weiblich oder „männlich“.,Please check: “female” or “male.”,weiblich	Kreuzen Sie bitte an: weiblich oder „männlich“.	Please check: “female” or “male.”,
der Wein,noun,A1,der,Wein,Weine,-e,0,0,,,,,0,"Nein danke, ich möchte keinen Wein.","No thanks, I don’t want any wine.","der Wein	Nein danke, ich möchte keinen Wein.	No thanks, I don’t want any wine.",verified
weit,other,A1,,weit,,,0,0,,,,,0,Zum Bahnhof ist es nicht weit.,It’s not far to the train station.,weit	Zum Bahnhof ist es nicht weit.	It’s not far to the train station.,
weiter,other,A1,,weiter,,,0,0,,,,,0,Der Bus fährt nicht weiter.,The bus isn’t going any further.,weiter	Der Bus fährt nicht weiter.	The bus isn’t going any further.,
welch-,other,A1,,welch-,,,0,0,,,,,0,Welches Buch möchtest du?,Which book do you want?,welch-	Welches Buch möchtest du?	Which book do you want?,
die Welt,noun,A1,die,Welt,Welten,-en,0,0,,,,,0,Es gibt viele Probleme auf der Welt.,There are many problems in the world.,die Welt	Es gibt viele Probleme auf der Welt.	There are many problems in the world.,verified
wenig,other,A1,,wenig,,,0,0,,,,,0,Ich habe leider nur wenig verstanden.,"Unfortunately, I understood very little.","wenig(1)	Ich habe leider nur wenig verstanden.	Unfortunately, I understood very little.",
wer,other,A1,,wer,,,0,0,,,,,0,Wer ist das?,Who is that?,wer	Wer ist das?	Who is that?,
werden,verb,A1,,werden,,,0,0,,,,,0,Mein Sohn will Arzt werden.,My son wants to become a doctor.,werden(1)	Mein Sohn will Arzt werden.	My son wants to become a doctor.,
das Wetter,noun,A1,das,Wetter,,,1,0,,,,,0,Wir hatten schlechtes Wetter.,We had bad weather.,das Wetter	Wir hatten schlechtes Wetter.	We had bad weather.,verified
wichtig,other,A1,,wichtig,,,0,0,,,,,0,Dieses Formular ist sehr wichtig.,This form is very important.,wichtig	Dieses Formular ist sehr wichtig.	This form is very important.,
wie,other,A1,,wie,,,0,0,,,,,0,Wie heißt du?,What’s your name?,wie(1)	Wie heißt du?	What’s your name?,
wiederholen,verb,A1,,wiederholen,,,0,0,,,,,0,Können Sie das bitte wiederholen?,Could you please repeat that?,wiederholen	Können Sie das bitte wiederholen?	Could you please repeat that?,
das Wiederhören,noun,A1,das,Wiederhören,Wiederhören,-,0,0,,,,,0,Wir müssen jetzt Schluss machen. Also auf Wiederhören!,"We have to end now. So, goodbye!","das Wiederhören	Wir müssen jetzt Schluss machen. Also auf Wiederhören!	We have to end now. So, goodbye!",verified
das Wiedersehen,noun,A1,das,Wiedersehen,Wiedersehen,-,0,0,,,,,0,Auf Wiedersehen!,Goodbye!,das Wiedersehen	Auf Wiedersehen!	Goodbye!,verified
wie viel,other,A1,,wie viel,,,0,0,,,,,0,Wie viel Milch nehmen Sie?,How much milk would you like?,wie viel	Wie viel Milch nehmen Sie?	How much milk would you like?,
willkommen,verb,A1,,willkommen,,,0,0,,,,,0,Herzlich willkommen!,Welcome!,willkommen	Herzlich willkommen!	Welcome!,
der Wind,noun,A1,der,Wind,Winde,-e,0,0,,,,,0,Der Wind kommt aus Osten.,The wind is coming from the east.,der Wind	Der Wind kommt aus Osten.	The wind is coming from the east.,verified
wir,other,A1,,wir,,,0,0,,,,,0,Wir lernen Deutsch.,We are learning German.,wir	Wir lernen Deutsch.	We are learning German.,
wissen,verb,A1,,wissen,,,0,0,,,,,0,"Weißt du, wie er heißt?",Do you know what his name is?,"wissen	Weißt du, wie er heißt?	Do you know what his name is?",
wo,other,A1,,wo,,,0,0,,,,,0,Wo waren Sie im Urlaub?,Where were you on vacation?,wo(1)	Wo waren Sie im Urlaub?	Where were you on vacation?,
woher,other,A1,,woher,,,0,0,,,,,0,Woher kommen Sie?,Where do you come from?,woher	Woher kommen Sie?	Where do you come from?,
wohin,other,A1,,wohin,,,0,0,,,,,0,Wohin fährt dieser Bus?,Where is this bus going?,wohin(1)	Wohin fährt dieser Bus?	Where is this bus going?,
wohnen,verb,A1,,wohnen,,,0,0,,,,,0,Ich wohne in München.,I live in Munich.,wohnen	Ich wohne in München.	I live in Munich.,
die Wohnung,noun,A1,die,Wohnung,Wohnungen,-en,0,0,,,,,0,Seit wann haben Sie diese Wohnung?,How long have you had this apartment?,"die Wohnung, -en	Seit wann haben Sie diese Wohnung?	How long have you had this apartment?",verified
wollen,verb,A1,,wollen,,,0,0,,,,,0,Wollen Sie einen Kaffee trinken?,Do you want to drink some coffee?,wollen	Wollen Sie einen Kaffee trinken?	Do you want to drink some coffee?,
das Wort,noun,A1,das,Wort,Wörter,"-ö, er/-e",0,0,,,,,0,Ich kenne das Wort nicht.,I don’t know the word.,"das Wort, -ö, er/-e	Ich kenne das Wort nicht.	I don’t know the word.",verified
wunderbar,other,A1,,wunderbar,,,0,0,,,,,0,Das Essen schmeckt wunderbar.,The food tastes wonderful.,wunderbar	Das Essen schmeckt wunderbar.	The food tastes wonderful.,
zahlen,verb,A1,,zahlen,,,0,0,,,,,0,"Zahlen, bitte!","Can I have the bill, please?","zahlen	Zahlen, bitte!	Can I have the bill, please?",
die Zeit,noun,A1,die,Zeit,Zeiten,-en,0,0,,,,,0,Ich habe heute keine Zeit.,I don’t have time today.,die Zeit	Ich habe heute keine Zeit.	I don’t have time today.,verified
zurzeit,other,A1,,zurzeit,,,0,0,,,,,0,Zurzeit habe ich sehr viel zu tun.,"Currently, I have a lot to do.","zurzeit	Zurzeit habe ich sehr viel zu tun.	Currently, I have a lot to do.",
die Zeitung,noun,A1,die,Zeitung,Zeitungen,-en,0,0,,,,,0,Ich lese gern Zeitung.,I like reading the newspaper.,"die Zeitung, -en	Ich lese gern Zeitung.	I like reading the newspaper.",verified
die Zigarette,noun,A1,die,Zigarette,Zigaretten,-n,0,0,,,,,0,Wie teuer sind die Zigaretten?,How much are the cigarettes?,"die Zigarette, -n	Wie teuer sind die Zigaretten?	How much are the cigarettes?",verified
das Zimmer,noun,A1,das,Zimmer,Zimmer,-,0,0,,,,,0,Das Zimmer ist groß.,The room is large.,das Zimmer(1)	Das Zimmer ist groß.	The room is large.,verified
der Zoll,noun,A1,der,Zoll,Zölle,wiktionary,0,0,,,,,0,Wir müssen noch durch den Zoll.,We still have to go through customs.,der Zoll	Wir müssen noch durch den Zoll.	We still have to go through customs.,verified
zu,preposition,A1,,zu,,,0,0,dativ,,,,0,Der Bus fährt zum Bahnhof.,The bus goes to the train station.,zu(1)	Der Bus fährt zum Bahnhof.	The bus goes to the train station.,
zufrieden,verb,A1,,zufrieden,,,0,0,,,,,1,Ich bin mit der Wohnung zufrieden.,I am satisfied with the apartment.,zufrieden	Ich bin mit der Wohnung zufrieden.	I am satisfied with the apartment.,
der Zug,noun,A1,der,Zug,Züge,"-ü, e",0,0,,,,,0,Ich fahre gern mit dem Zug.,I like traveling by train.,"der Zug, -ü, e	Ich fahre gern mit dem Zug.	I like traveling by train.",verified
zurück,other,A1,,zurück,,,0,0,,,,,0,Einmal Frankfurt und zurück.,Once to Frankfurt and back.,zurück(1)	Einmal Frankfurt und zurück.	Once to Frankfurt and back.,
zusammen,verb,A1,,zusammen,,,0,0,,,,,1,Sollen wir zusammen essen gehen?,Should we go out to eat together?,zusammen(1)	Sollen wir zusammen essen gehen?	Should we go out to eat together?,
zwischen,preposition,A1,,zwischen,,,0,0,wechsel,,,,0,Heidelberg liegt zwischen Frankfurt und Stuttgart.,Heidelberg is located between Frankfurt and Stuttgart.,zwischen(1)	Heidelberg liegt zwischen Frankfurt und Stuttgart.	Heidelberg is located between Frankfurt and Stuttgart.,
abschließen,verb,A2,,abschließen,,,0,0,,abgeschlossen,haben,schließt ab,1,Hast du die Tür abgeschlossen?,Did you lock the door?,abschließen	Hast du die Tür abgeschlossen?	Did you lock the door?,
Achtung (Sg.),other,A2,,Achtung (Sg.),,,0,0,,,,,0,Achtung an Gleis drei: Die Türen schließen. Der Zug fährt jetzt ab.,Attention at platform three: The doors are closing. The train is leaving now.,Achtung (Sg.)	Achtung an Gleis drei: Die Türen schließen. Der Zug fährt jetzt ab.	Attention at platform three: The doors are closing. The train is leaving now.,
die Ahnung,noun,A2,die,Ahnung,Ahnungen,-en,0,0,,,,,0,"Ich hatte keine Ahnung, dass du heute Geburtstag hast.",I had no idea you have a birthday today.,"die Ahnung, -en	Ich hatte keine Ahnung, dass du heute Geburtstag hast.	I had no idea you have a birthday today.",verified
aktiv,other,A2,,aktiv,,,0,0,,,,,0,Peter ist sehr aktiv und macht viel Sport.,Peter is very active and does a lot of sports.,aktiv	Peter ist sehr aktiv und macht viel Sport.	Peter is very active and does a lot of sports.,
aktuell,other,A2,,aktuell,,,0,0,,,,,0,Das ist das aktuelle Kinoprogramm.,This is the current cinema program.,aktuell	Das ist das aktuelle Kinoprogramm.	This is the current cinema program.,
als,other,A2,,als,,,0,0,,,,,0,Hector ist jünger als seine Schwester.,Hector is younger than his sister.,als	Hector ist jünger als seine Schwester.	Hector is younger than his sister.,
die Ampel,noun,A2,die,Ampel,Ampeln,-n,0,0,,,,,0,"Du kannst fahren, die Ampel ist grün.","You can go, the traffic light is green.","die Ampel, -n	Du kannst fahren, die Ampel ist grün.	You can go, the traffic light is green.",verified
"ändern, ändert",other,A2,,"ändern, ändert",,,0,0,,,,,0,Das Wetter hat sich geändert.,The weather has changed.,"ändern, ändert	Das Wetter hat sich geändert.	The weather has changed.",
ändern,verb,A2,,ändern,,,0,0,,,,,0,Wie kann ich mein Passwort ändern?,How can I change my password?,ändern(2)	Wie kann ich mein Passwort ändern?	How can I change my password?,
anders,other,A2,,anders,,,0,0,,,,,0,Anders geht das leider nicht.,"Unfortunately, it won’t work differently.","anders	Anders geht das leider nicht.	Unfortunately, it won’t work differently.",
die Angst,noun,A2,die,Angst,Ängste,¨-e,0,0,,,,,0,Hab keine Angst!,Don’t be afraid!,"die Angst, ¨-e	Hab keine Angst!	Don’t be afraid!",verified
anmelden (sich),other,A2,,anmelden (sich),,,0,0,,,,,0,Wo kann ich mich anmelden?,Where can I register?,anmelden (sich)	Wo kann ich mich anmelden?	Where can I register?,
"anrufen, ruft an",other,A2,,"anrufen, ruft an",,,0,0,,,,,0,Kann ich Sie heute Abend anrufen?,Can I call you this evening?,"anrufen, ruft an	Kann ich Sie heute Abend anrufen?	Can I call you this evening?",
"ansehen, sieht an",other,A2,,"ansehen, sieht an",,,0,0,,,,,0,Darf ich eure Urlaubsfotos ansehen?,May I look at your vacation photos?,"ansehen, sieht an	Darf ich eure Urlaubsfotos ansehen?	May I look at your vacation photos?",
ansehen,verb,A2,,ansehen,,,0,0,,angesehen,haben,,1,Ich sehe (mir) diese Sendung jeden Tag an.,I watch this program every day.,ansehen(2)	Ich sehe (mir) diese Sendung jeden Tag an.	I watch this program every day.,
der Anzug,noun,A2,der,Anzug,Anzüge,¨-e,0,0,,,,,0,Mein Mann muss sich einen neuen Anzug kaufen.,My husband needs to buy a new suit.,"der Anzug, ¨-e	Mein Mann muss sich einen neuen Anzug kaufen.	My husband needs to buy a new suit.",verified
die Apotheke,noun,A2,die,Apotheke,Apotheken,-n,0,0,,,,,0,Das Medikament bekommen Sie in der Apotheke.,You can get the medicine at the pharmacy.,"die Apotheke, -n	Das Medikament bekommen Sie in der Apotheke.	You can get the medicine at the pharmacy.",verified
der Apparat,noun,A2,der,Apparat,Apparate,-e,0,0,,,,,0,Was machen wir mit deinem alten Apparat?,What should we do with your old device?,"der Apparat, -e	Was machen wir mit deinem alten Apparat?	What should we do with your old device?",verified
"arbeiten, arbeitet",other,A2,,"arbeiten, arbeitet",,,0,0,,,,,0,Wo arbeiten Sie?,Where do you work?,"arbeiten, arbeitet	Wo arbeiten Sie?	Where do you work?",
ärgern (sich),other,A2,,ärgern (sich),,,0,0,,,,,0,"Warum ärgerst du dich? - Ich ärgere mich, weil das Wetter schlecht ist.",Why are you upset? - I am upset because the weather is bad.,"ärgern (sich)	Warum ärgerst du dich? - Ich ärgere mich, weil das Wetter schlecht ist.	Why are you upset? - I am upset because the weather is bad.",
arm,other,A2,,arm,,,0,0,,,,,0,"Sie haben nicht viel Geld, sie sind arm.","They don’t have much money, they are poor.","arm	Sie haben nicht viel Geld, sie sind arm.	They don’t have much money, they are poor.",
der Artikel,noun,A2,der,Artikel,Artikel,-,0,0,,,,,0,"Im Deutschen gibt es drei Artikel: der, die und das.","In German, there are three articles: der, die, and das.","der Artikel, -	Im Deutschen gibt es drei Artikel: der, die und das.	In German, there are three articles: der, die, and das.",verified
auf jeden/keinen Fal,other,A2,,auf jeden/keinen Fal,,,0,0,,,,,0,Ich möchte auf jeden Fall den neuen James-Bond-Film sehen. - Wirklich? Ich finde James-Bond-Filme langweilig. Ich sehe ihn auf keinen Fall an!,I definitely want to see the new James Bond movie. - Really? I find James Bond movies boring. I definitely won’t watch it!,auf jeden/keinen Fal	Ich möchte auf jeden Fall den neuen James-Bond-Film sehen. - Wirklich? Ich finde James-Bond-Filme langweilig. Ich sehe ihn auf keinen Fall an!	I definitely want to see the new James Bond movie. - Really? I find James Bond movies boring. I definitely won’t watch it!,
aufhören,verb,A2,,aufhören,,,0,0,,,,,1,Wann hört ihr mit der Arbeit auf?,When do you stop working?,aufhören	Wann hört ihr mit der Arbeit auf?	When do you stop working?,
aufmachen,verb,A2,,aufmachen,,,0,0,,aufgemacht,haben,macht auf,1,Kannst du bitte die Tür aufmachen?,Could you please open the door?,aufmachen	Kannst du bitte die Tür aufmachen?	Could you please open the door?,
aufpassen,verb,A2,,aufpassen,,,0,0,,aufgepasst,haben,,1,"Pass auf, der Teller fällt gleich auf den Boden!","Watch out, the plate is about to fall to the floor!","aufpassen	Pass auf, der Teller fällt gleich auf den Boden!	Watch out, the plate is about to fall to the floor!",
aufräumen,verb,A2,,aufräumen,,,0,0,,aufgeräumt,haben,räumt auf,1,Die Kinder müssen ihr Zimmer aufräumen.,The children have to clean up their room.,aufräumen	Die Kinder müssen ihr Zimmer aufräumen.	The children have to clean up their room.,
aufregend,other,A2,,aufregend,,,0,0,,,,,0,Die letzte Woche war sehr aufregend.,Last week was very exciting.,aufregend	Die letzte Woche war sehr aufregend.	Last week was very exciting.,
die Ausbildung,noun,A2,die,Ausbildung,Ausbildungen,-en,0,0,,,,,0,Ich möchte eine Ausbildung zum Krankenpfleger machen.,I want to do training to become a nurse.,"die Ausbildung,-en	Ich möchte eine Ausbildung zum Krankenpfleger machen.	I want to do training to become a nurse.",verified
ausgeben,verb,A2,,ausgeben,,,0,0,,ausgegeben,haben,,1,Agata gibt viel Geld für Bücher aus.,Agata spends a lot of money on books.,ausgeben	Agata gibt viel Geld für Bücher aus.	Agata spends a lot of money on books.,
ausgehen,verb,A2,,ausgehen,,,0,0,,ausgegangen,sein,,1,Gehen wir am Freitag zusammen aus?,Shall we go out together on Friday?,ausgehen	Gehen wir am Freitag zusammen aus?	Shall we go out together on Friday?,
auspacken,verb,A2,,auspacken,,,0,0,,ausgepackt,haben,packt aus,1,Packst du bitte den Koffer aus?,Could you please unpack the suitcase?,auspacken	Packst du bitte den Koffer aus?	Could you please unpack the suitcase?,
ausruhen (sich),other,A2,,ausruhen (sich),,,0,0,,,,,0,Ruh dich erst mal aus! Du bist sicher müde.,Rest for a while! You must be tired.,ausruhen (sich)	Ruh dich erst mal aus! Du bist sicher müde.	Rest for a while! You must be tired.,
außer,other,A2,,außer,,,0,0,,,,,0,Außer Lisa möchte niemand den Film sehen.,"Except for Lisa, no one wants to see the movie.","außer	Außer Lisa möchte niemand den Film sehen.	Except for Lisa, no one wants to see the movie.",
außerdem,other,A2,,außerdem,,,0,0,,,,,0,"Vier Brötchen, möchten Sie außerdem noch etwas?","Four rolls, would you like anything else?","außerdem	Vier Brötchen, möchten Sie außerdem noch etwas?	Four rolls, would you like anything else?",
außerhalb,preposition,A2,,außerhalb,,,0,0,genitiv,,,,0,"Die Wohnung ist nicht in der Stadt, sie liegt etwas außerhalb.",The apartment is not in the city; it is a bit outside.,"außerhalb	Die Wohnung ist nicht in der Stadt, sie liegt etwas außerhalb.	The apartment is not in the city; it is a bit outside.",
aussprechen,verb,A2,,aussprechen,,,0,0,,ausgesprochen,haben,spricht aus,1,Wie spricht man das Wort aus?,How do you pronounce the word?,aussprechen	Wie spricht man das Wort aus?	How do you pronounce the word?,
die Ausstellung,noun,A2,die,Ausstellung,Ausstellungen,-en,0,0,,,,,0,Gehen wir morgen zusammen in die Ausstellung?,Shall we go to the exhibition together tomorrow?,"die Ausstellung,-en	Gehen wir morgen zusammen in die Ausstellung?	Shall we go to the exhibition together tomorrow?",verified
austragen,verb,A2,,austragen,,,0,0,,ausgetragen,haben,trägt aus,1,Er trägt jeden Morgen die Zeitung aus.,He delivers the newspaper every morning.,austragen	Er trägt jeden Morgen die Zeitung aus.	He delivers the newspaper every morning.,
der Babysitter,noun,A2,der,Babysitter,Babysitter,-,0,0,,,,,0,Meine Tochter arbeitet als Babysitter bei einer Familie mit vier Kindern.,My daughter works as a babysitter for a family with four children.,"der Babysitter, -	Meine Tochter arbeitet als Babysitter bei einer Familie mit vier Kindern.	My daughter works as a babysitter for a family with four children.",verified
backen,verb,A2,,backen,,,0,0,,gebacken,haben,,0,"Wenn du kommst, backe ich einen Kuchen.","When you come, I will bake a cake.","backen	Wenn du kommst, backe ich einen Kuchen.	When you come, I will bake a cake.",
"baden, badet",other,A2,,"baden, badet",,,0,0,,,,,0,"Ich bade nicht so gern, ich dusche lieber.","I don’t like bathing much, I prefer showering.","baden, badet	Ich bade nicht so gern, ich dusche lieber.	I don’t like bathing much, I prefer showering.",
der Ball,noun,A2,der,Ball,Bälle,¨-e,0,0,,,,,0,Meine Kinder spielen gern Ball.,My children like to play ball.,"der Ball, ¨-e	Meine Kinder spielen gern Ball.	My children like to play ball.",verified
die Band,noun,A2,die,Band,Bänder,wiktionary,0,0,,,,,0,Was ist deine Lieblingsband? Anton spielt in einer Band.,What is your favorite band? Anton plays in a band.,"die Band, -s	Was ist deine Lieblingsband? Anton spielt in einer Band.	What is your favorite band? Anton plays in a band.",verified
der Basketball,noun,A2,der,Basketball,Basketbälle,¨-e,0,0,,,,,0,Yannick spielt lieber Basketball als Fußball.,Yannick prefers playing basketball to football.,"der Basketball, ¨-e	Yannick spielt lieber Basketball als Fußball.	Yannick prefers playing basketball to football.",verified
"basteln, bastelt",other,A2,,"basteln, bastelt",,,0,0,,,,,0,Die Kinder haben etwas gebastelt.,The children made something by hand.,"basteln, bastelt	Die Kinder haben etwas gebastelt.	The children made something by hand.",
basteln,verb,A2,,basteln,,,0,0,,gebastelt,haben,,0,,,basteln(2)	hat gebastelt	has crafted.,
"bauen, baut",other,A2,,"bauen, baut",,,0,0,,,,,0,Unsere Nachbarn bauen ein neues Haus.,Our neighbors are building a new house.,"bauen, baut	Unsere Nachbarn bauen ein neues Haus.	Our neighbors are building a new house.",
bauen,verb,A2,,bauen,,,0,0,,gebaut,haben,,0,,,bauen(2)	hat gebaut	has built.,
die Baustelle,noun,A2,die,Baustelle,Baustellen,-n,0,0,,,,,0,Vor unserem Haus ist eine große Baustelle.,There is a large construction site in front of our house.,"die Baustelle, -n	Vor unserem Haus ist eine große Baustelle.	There is a large construction site in front of our house.",verified
beantworten,verb,A2,,beantworten,,,0,0,,beantwortet,haben,,0,Können Sie meine Frage bitte beantworten?,Could you please answer my question?,beantworten	Können Sie meine Frage bitte beantworten?	Could you please answer my question?,
bedanken (sich),other,A2,,bedanken (sich),,,0,0,,,,,0,Ich möchte mich noch einmal sehr herzlich für Ihre Hilfe bedanken.,I would like to thank you very much once again for your help.,bedanken (sich)	Ich möchte mich noch einmal sehr herzlich für Ihre Hilfe bedanken.	I would like to thank you very much once again for your help.,
beeilen (sich),other,A2,,beeilen (sich),,,0,0,,,,,0,Kannst du dich bitte beeilen? Der Bus fährt gleich ab!,Could you please hurry? The bus is about to leave!,beeilen (sich)	Kannst du dich bitte beeilen? Der Bus fährt gleich ab!	Could you please hurry? The bus is about to leave!,
beenden,verb,A2,,beenden,,,0,0,,beendet,haben,beendet,0,Du musst deine Ausbildung auf jeden Fall beenden.,You must definitely finish your training.,beenden	Du musst deine Ausbildung auf jeden Fall beenden.	You must definitely finish your training.,
begründen,verb,A2,,begründen,,,0,0,,begründet,haben,begründet,0,Bitte begründen Sie Ihre Meinung.,Please justify your opinion.,begründen	Bitte begründen Sie Ihre Meinung.	Please justify your opinion.,
beliebt,other,A2,,beliebt,,,0,0,,,,,0,Fußball ist bei vielen Menschen beliebt.,Football is popular with many people.,beliebt	Fußball ist bei vielen Menschen beliebt.	Football is popular with many people.,
bequem,other,A2,,bequem,,,0,0,,,,,0,Das Sofa ist sehr bequem.,The sofa is very comfortable.,bequem	Das Sofa ist sehr bequem.	The sofa is very comfortable.,
beraten,verb,A2,,beraten,,,0,0,,beraten,haben,,0,"Unsere Sekretärin berät Sie gern, wenn Sie Fragen haben.",Our secretary is happy to advise you if you have any questions.,"beraten	Unsere Sekretärin berät Sie gern, wenn Sie Fragen haben.	Our secretary is happy to advise you if you have any questions.",
der Berg,noun,A2,der,Berg,Berge,-e,0,0,,,,,0,Die Zugspitze ist der höchste Berg in Deutschland.,The Zugspitze is the highest mountain in Germany.,"der Berg, -e	Die Zugspitze ist der höchste Berg in Deutschland.	The Zugspitze is the highest mountain in Germany.",verified
berichten,verb,A2,,berichten,,,0,0,,berichtet,haben,,0,Alle Zeitungen berichten von dem Unfall.,All newspapers report on the accident.,berichten	Alle Zeitungen berichten von dem Unfall.	All newspapers report on the accident.,
berühmt,other,A2,,berühmt,,,0,0,,,,,0,Thomas Müller ist ein berühmter Fußballspieler.,Thomas Müller is a famous football player.,berühmt	Thomas Müller ist ein berühmter Fußballspieler.	Thomas Müller is a famous football player.,
der Bescheid,noun,A2,der,Bescheid,Bescheide,wiktionary,0,0,,,,,0,Kann Lisa in Heidelberg studieren? - Sie weiß es noch nicht. Sie bekommt erst nächste Woche Bescheid.,Can Lisa study in Heidelberg? - She doesn’t know yet. She will find out next week.,der Bescheid	Kann Lisa in Heidelberg studieren? - Sie weiß es noch nicht. Sie bekommt erst nächste Woche Bescheid.	Can Lisa study in Heidelberg? - She doesn’t know yet. She will find out next week.,verified
beschreiben,verb,A2,,beschreiben,,,0,0,,beschrieben,haben,beschreibt,0,Kannst du mir den Weg zum Bahnhof beschreiben?,Could you describe the way to the train station?,beschreiben	Kannst du mir den Weg zum Bahnhof beschreiben?	Could you describe the way to the train station?,
beschweren (sich),other,A2,,beschweren (sich),,,0,0,,,,,0,Hier ist es zu laut. Wo können wir uns beschweren?,It’s too loud here. Where can we complain?,beschweren (sich)	Hier ist es zu laut. Wo können wir uns beschweren?	It’s too loud here. Where can we complain?,
besonders,other,A2,,besonders,,,0,0,,,,,0,Dieses Angebot ist besonders günstig.,This offer is especially good.,besonders	Dieses Angebot ist besonders günstig.	This offer is especially good.,
bestätigen,verb,A2,,bestätigen,,,0,0,,bestätigt,haben,,0,"Ich kann bestätigen, dass er hier war.",I can confirm that he was here.,"bestätigen	Ich kann bestätigen, dass er hier war.	I can confirm that he was here.",
bestehen,verb,A2,,bestehen,,,0,0,,bestanden,haben,,0,Ich habe die Prüfung bestanden!,I passed the exam!,bestehen	Ich habe die Prüfung bestanden!	I passed the exam!,
der Besuch,noun,A2,der,Besuch,Besuche,-e,0,0,,,,,0,Wir bekommen am Wochenende Besuch.,We are having visitors this weekend.,"der Besuch, -e	Wir bekommen am Wochenende Besuch.	We are having visitors this weekend.",verified
bewerben (sich),other,A2,,bewerben (sich),,,0,0,,,,,0,Ich möchte mich um diese Stelle bewerben.,I would like to apply for this position.,bewerben (sich)	Ich möchte mich um diese Stelle bewerben.	I would like to apply for this position.,
die Bewerbung,noun,A2,die,Bewerbung,Bewerbungen,-en,0,0,,,,,0,,,"die Bewerbung, -en		",verified
bewölkt,other,A2,,bewölkt,,,0,0,,,,,0,Heute ist es bewölkt.,Today it is cloudy.,bewölkt	Heute ist es bewölkt.	Today it is cloudy.,
die Wolke,noun,A2,die,Wolke,Wolken,-n,0,0,,,,,0,Es gibt viele Wolken am Himmel.,There are many clouds in the sky.,"die Wolke, -n	Es gibt viele Wolken am Himmel.	There are many clouds in the sky.",verified
die Bibliothek,noun,A2,die,Bibliothek,Bibliotheken,-en,0,0,,,,,0,Sie lernt jeden Tag in der Bibliothek.,She studies every day in the library.,"die Bibliothek, -en	Sie lernt jeden Tag in der Bibliothek.	She studies every day in the library.",verified
das Blatt,noun,A2,das,Blatt,Blätter,¨-er,0,0,,,,,0,Haben Sie ein Blatt Papier für mich?,Do you have a sheet of paper for me?,"das Blatt, ¨-er	Haben Sie ein Blatt Papier für mich?	Do you have a sheet of paper for me?",verified
blöd,other,A2,,blöd,,,0,0,,,,,0,"Ich finde es blöd, dass du morgen gehen musst.",I think it’s stupid that you have to leave tomorrow.,"blöd	Ich finde es blöd, dass du morgen gehen musst.	I think it’s stupid that you have to leave tomorrow.",
das Blog,noun,A2,das,Blog,Blogs,-s,0,0,,,,,0,Ich schreibe einen Blog über Mode.,I write a blog about fashion.,"der/das Blog, -s	Ich schreibe einen Blog über Mode.	I write a blog about fashion.",verified
blond,other,A2,,blond,,,0,0,,,,,0,Lisa hat blonde Haare.,Lisa has blonde hair.,blond	Lisa hat blonde Haare.	Lisa has blonde hair.,
die Bluse,noun,A2,die,Bluse,Blusen,-n,0,0,,,,,0,Ich suche eine weiße Bluse.,I’m looking for a white blouse.,"die Bluse, -n	Ich suche eine weiße Bluse.	I’m looking for a white blouse.",verified
die Bohne,noun,A2,die,Bohne,Bohnen,-n,0,0,,,,,0,Hans isst nicht gern Bohnen.,Hans doesn’t like to eat beans.,"die Bohne, -n	Hans isst nicht gern Bohnen.	Hans doesn’t like to eat beans.",verified
braten,verb,A2,,braten,,,0,0,,gebraten,haben,brät,0,Braten Sie das Fleisch in etwas Öl!,Fry the meat in some oil!,braten	Braten Sie das Fleisch in etwas Öl!	Fry the meat in some oil!,
die Brille,noun,A2,die,Brille,Brillen,-n,0,0,,,,,0,Wo ist meine Brille?,Where is my glasses?,"die Brille, -n	Wo ist meine Brille?	Where is my glasses?",verified
die Brücke,noun,A2,die,Brücke,Brücken,-n,0,0,,,,,0,Fahren Sie über die nächste Brücke und dann nach links.,Cross the next bridge and then turn left.,"die Brücke, -n	Fahren Sie über die nächste Brücke und dann nach links.	Cross the next bridge and then turn left.",verified
buchen,verb,A2,,buchen,,,0,0,,gebucht,haben,bucht,0,Morgen buche ich unsere Urlaubsreise.,"Tomorrow, I will book our holiday trip.","buchen	Morgen buche ich unsere Urlaubsreise.	Tomorrow, I will book our holiday trip.",
bunt,other,A2,,bunt,,,0,0,,,,,0,Anna trägt gern bunte Kleider.,Anna likes to wear colorful clothes.,bunt	Anna trägt gern bunte Kleider.	Anna likes to wear colorful clothes.,
das Büro,noun,A2,das,Büro,Büros,-s,0,0,,,,,0,Ich arbeite in einem Büro.,I work in an office.,"das Büro, -s	Ich arbeite in einem Büro.	I work in an office.",verified
die Cafeteria,noun,A2,die,Cafeteria,Cafeterien,wiktionary,0,0,,,,,0,Ich gehe jetzt in die Cafeteria. Soll ich dir etwas mitbringen?,I’m going to the cafeteria now. Should I bring you something?,"die Cafeteria, -s	Ich gehe jetzt in die Cafeteria. Soll ich dir etwas mitbringen?	I’m going to the cafeteria now. Should I bring you something?",verified
chatten,verb,A2,,chatten,,,0,0,,,,,0,Luis chattet gern mit seinen Freunden im Internet.,Luis likes to chat with his friends on the internet.,chatten	Luis chattet gern mit seinen Freunden im Internet.	Luis likes to chat with his friends on the internet.,
chattet,other,A2,,chattet,,,0,0,,,,,0,,,chattet		,
hat gechattet,other,A2,,hat gechattet,,,0,0,,,,,0,,,hat gechattet		,
die Chefin,noun,A2,die,Chefin,Chefinnen,wiktionary,0,0,,,,,0,Wir haben eine neue Chefin.,We have a new female boss.,"der Chef, -s / die Chefin, -ne	Wir haben eine neue Chefin.	We have a new female boss.",verified
der Club,noun,A2,der,Club,Clubs,"-s / Klub, -s",0,0,,,,,0,Gibt es hier einen Tennis-Club/Klub?,Is there a tennis club here?,"der Club, -s / Klub, -s(1)	Gibt es hier einen Tennis-Club/Klub?	Is there a tennis club here?",verified
das Comic,noun,A2,das,Comic,Comics,-s,0,0,,,,,0,Mein Sohn liest immer nur Comics.,My son always reads comics.,"der/das Comic, -s	Mein Sohn liest immer nur Comics.	My son always reads comics.",verified
die Creme,noun,A2,die,Creme,Cremes,-s/-n,0,0,,,,,0,Ich suche eine Creme für die Hände.,I’m looking for a cream for the hands.,"die Creme, -s/-n(1)	Ich suche eine Creme für die Hände.	I’m looking for a cream for the hands.",verified
"da(r) (Bsp. darauf, darüber)",other,A2,,"da(r) (Bsp. darauf, darüber)",,,0,0,,,,,0,Darauf fällt mir keine Antwort ein.,I can’t think of an answer to that.,"da(r) (Bsp. darauf, darüber)(1)	Darauf fällt mir keine Antwort ein.	I can’t think of an answer to that.",
dabei,other,A2,,dabei,,,0,0,,,,,0,Hast du einen Stift dabei?,Do you have a pen with you?,dabei(1)	Hast du einen Stift dabei?	Do you have a pen with you?,
ist dabei,other,A2,,ist dabei,,,0,0,,,,,0,,,ist dabei		,
war dabei,other,A2,,war dabei,,,0,0,,,,,0,,,war dabei		,
ist dabei gewesen,other,A2,,ist dabei gewesen,,,0,0,,,,,0,,,ist dabei gewesen		,
dafür/dagegen sein,other,A2,,dafür/dagegen sein,,,0,0,,,,,0,Ich bin dafür/dagegen.,I’m in favor/against.,dafür/dagegen sein(1)	Ich bin dafür/dagegen.	I’m in favor/against.,
ist dafür/dagegen,other,A2,,ist dafür/dagegen,,,0,0,,,,,0,,,ist dafür/dagegen		,
war dafür/dagegen,other,A2,,war dafür/dagegen,,,0,0,,,,,0,,,war dafür/dagegen		,
ist dafür/dagegen gewesen,other,A2,,ist dafür/dagegen gewesen,,,0,0,,,,,0,,,ist dafür/dagegen gewesen		,
damals,other,A2,,damals,,,0,0,,,,,0,Als Student hatte ich viel Zeit und wollte reisen. Aber damals hatte ich kein Geld.,"As a student, I had a lot of time and wanted to travel. But back then I didn’t have any money.","damals	Als Student hatte ich viel Zeit und wollte reisen. Aber damals hatte ich kein Geld.	As a student, I had a lot of time and wanted to travel. But back then I didn’t have any money.",
"danken, dankt",other,A2,,"danken, dankt",,,0,0,,,,,0,Ich danke Ihnen für die Einladung.,I thank you for the invitation.,"danken, dankt	Ich danke Ihnen für die Einladung.	I thank you for the invitation.",
hat gedankt,other,A2,,hat gedankt,,,0,0,,,,,0,,,hat gedankt		,
dass,other,A2,,dass,,,0,0,,,,,0,"Rico hat gesagt, dass er auch zur Party kommt.",Rico said that he is also coming to the party.,"dass	Rico hat gesagt, dass er auch zur Party kommt.	Rico said that he is also coming to the party.",
die Datei,noun,A2,die,Datei,Dateien,-en,0,0,,,,,0,Wo hast du die Datei gespeichert?,Where did you save the file?,"die Datei, -en	Wo hast du die Datei gespeichert?	Where did you save the file?",verified
"dauern, dauert",other,A2,,"dauern, dauert",,,0,0,,,,,0,Wie lange dauert die Pause? - Eine halbe Stunde.,How long does the break last? - Half an hour.,"dauern, dauert	Wie lange dauert die Pause? - Eine halbe Stunde.	How long does the break last? - Half an hour.",
hat gedauert,other,A2,,hat gedauert,,,0,0,,,,,0,,,hat gedauert		,
"denken, denkt",other,A2,,"denken, denkt",,,0,0,,,,,0,"Ich denke, du hast recht.",I think you’re right.,"denken, denkt	Ich denke, du hast recht.	I think you’re right.",
hat gedacht,other,A2,,hat gedacht,,,0,0,,,,,0,,,hat gedacht		,
denken,verb,A2,,denken,,,0,0,,,,,0,Was denktst du? Sollen wir heute Abend ins Kino gehen?,What do you think? Should we go to the cinema tonight?,denken(3)	Was denktst du? Sollen wir heute Abend ins Kino gehen?	What do you think? Should we go to the cinema tonight?,
deshalb,other,A2,,deshalb,,,0,0,,,,,0,Ich bin krank. Deshalb komme ich heute nicht ins Büro.,"I’m sick. Therefore, I’m not coming to the office today.","deshalb	Ich bin krank. Deshalb komme ich heute nicht ins Büro.	I’m sick. Therefore, I’m not coming to the office today.",
deutlich,other,A2,,deutlich,,,0,0,,,,,0,Sprechen Sie bitte deutlich!,Please speak clearly!,deutlich	Sprechen Sie bitte deutlich!	Please speak clearly!,
dick,other,A2,,dick,,,0,0,,,,,0,Ich bin zu dick. Ich muss weniger essen.,I’m too fat. I need to eat less.,dick	Ich bin zu dick. Ich muss weniger essen.	I’m too fat. I need to eat less.,
das Ding,noun,A2,das,Ding,Dinge,-e,0,0,,,,,0,Gib mir bitte mal das Ding da drüben!,Please hand me that thing over there!,"das Ding, -e	Gib mir bitte mal das Ding da drüben!	Please hand me that thing over there!",verified
direkt,other,A2,,direkt,,,0,0,,,,,0,Wir wohnen direkt über dem Café.,We live directly above the café.,direkt	Wir wohnen direkt über dem Café.	We live directly above the café.,
die Disko,noun,A2,die,Disko,Diskos,-s,0,0,,,,,0,Wir gehen heute Abend in die Disco/Disko.,We’re going to the disco tonight.,"die Disco, -s / die Disko, -s	Wir gehen heute Abend in die Disco/Disko.	We’re going to the disco tonight.",verified
diskutieren,verb,A2,,diskutieren,,,0,0,,,,,0,Ich möchte das mit meinen Kollegen diskutieren.,I’d like to discuss this with my colleagues.,diskutieren	Ich möchte das mit meinen Kollegen diskutieren.	I’d like to discuss this with my colleagues.,
hat diskutiert,other,A2,,hat diskutiert,,,0,0,,,,,0,,,hat diskutiert		,
doch,other,A2,,doch,,,0,0,,,,,0,"Hast du keinen Hunger? - Doch, ich bin sehr hungrig.","Aren’t you hungry? - Yes, I’m very hungry.","doch	Hast du keinen Hunger? - Doch, ich bin sehr hungrig.	Aren’t you hungry? - Yes, I’m very hungry.",
dort,other,A2,,dort,,,0,0,,,,,0,Dort ist unser Haus.,There is our house.,dort(2)	Dort ist unser Haus.	There is our house.,
dringend,other,A2,,dringend,,,0,0,,,,,0,Bitte kommen Sie schnell. Es ist dringend.,Please come quickly. It’s urgent.,dringend	Bitte kommen Sie schnell. Es ist dringend.	Please come quickly. It’s urgent.,
drinnen,verb,A2,,drinnen,,,0,0,,,,,0,Wollen Sie drinnen oder draußen sitzen?,Would you like to sit inside or outside?,drinnen	Wollen Sie drinnen oder draußen sitzen?	Would you like to sit inside or outside?,
drüben,verb,A2,,drüben,,,0,0,,,,,0,Da drüben ist die Haltestelle.,The bus stop is over there.,drüben	Da drüben ist die Haltestelle.	The bus stop is over there.,
"drücken, drückt",other,A2,,"drücken, drückt",,,0,0,,,,,0,"An dieser Tür musst du drücken, nicht ziehen, dann geht sie auf.","On this door, you have to push, not pull, and it will open.","drücken, drückt	An dieser Tür musst du drücken, nicht ziehen, dann geht sie auf.	On this door, you have to push, not pull, and it will open.",
"drucken, druckt",other,A2,,"drucken, druckt",,,0,0,,,,,0,Wähle einfach „Datei drucken“!,Just choose “Print file”!,"drucken, druckt	Wähle einfach „Datei drucken“!	Just choose “Print file”!",
hat gedruckt,other,A2,,hat gedruckt,,,0,0,,,,,0,,,hat gedruckt		,
dumm,other,A2,,dumm,,,0,0,,,,,0,Ich finde den Film dumm.,I find the film dumb.,dumm	Ich finde den Film dumm.	I find the film dumb.,
dunkel,other,A2,,dunkel,,,0,0,,,,,0,Um sechs Uhr ist es schon dunkel.,It’s already dark at six o’clock.,dunkel	Um sechs Uhr ist es schon dunkel.	It’s already dark at six o’clock.,
dünn,other,A2,,dünn,,,0,0,,,,,0,Das Buch ist sehr dünn. Es hat nur 40 Seiten.,The book is very thin. It only has 40 pages.,dünn	Das Buch ist sehr dünn. Es hat nur 40 Seiten.	The book is very thin. It only has 40 pages.,
"dürfen, darf",other,A2,,"dürfen, darf",,,0,0,,,,,0,Sie dürfen hier nicht parken.,You are not allowed to park here.,"dürfen, darf	Sie dürfen hier nicht parken.	You are not allowed to park here.",
"duschen (sich), duscht",other,A2,,"duschen (sich), duscht",,,0,0,,,,,0,"Ich bade nicht so gern, ich dusche lieber.","I don’t like to bathe, I prefer to shower.","duschen (sich), duscht	Ich bade nicht so gern, ich dusche lieber.	I don’t like to bathe, I prefer to shower.",
duschen (sich),other,A2,,duschen (sich),,,0,0,,,,,0,Möchten Sie sich duschen? Das Badezimmer ist dort hinten links.,Would you like to take a shower? The bathroom is over there on the left.,duschen (sich)(2)	Möchten Sie sich duschen? Das Badezimmer ist dort hinten links.	Would you like to take a shower? The bathroom is over there on the left.,
hat geduscht,other,A2,,hat geduscht,,,0,0,,,,,0,,,hat geduscht		,
das E-Book,noun,A2,das,E-Book,E-Books,-s,0,0,,,,,0,Liest du lieber E-Books oder Bücher aus Papier?,Do you prefer e-books or paper books?,"das E-Book, -s	Liest du lieber E-Books oder Bücher aus Papier?	Do you prefer e-books or paper books?",verified
echt,other,A2,,echt,,,0,0,,,,,0,Ist das Bild ein echter Picasso?,Is the painting a real Picasso?,echt	Ist das Bild ein echter Picasso?	Is the painting a real Picasso?,
das Einkaufszentrum,noun,A2,das,Einkaufszentrum,Einkaufszentren,wiktionary,0,0,,,,,0,Kommst du morgen mit ins Einkaufszentrum?,Are you coming to the shopping center tomorrow?,"das Einkaufszentrum, -en	Kommst du morgen mit ins Einkaufszentrum?	Are you coming to the shopping center tomorrow?",verified
"einladen, lädt ein",other,A2,,"einladen, lädt ein",,,0,0,,,,,0,Darf ich Sie zu einem Kaffee einladen?,May I invite you to a coffee?,"einladen, lädt ein	Darf ich Sie zu einem Kaffee einladen?	May I invite you to a coffee?",
"einladen, hat eingeladen",other,A2,,"einladen, hat eingeladen",,,0,0,,,,,0,Danke für die Einladung zu deinem Geburtstag!,Thank you for the invitation to your birthday!,"einladen, hat eingeladen(2)	Danke für die Einladung zu deinem Geburtstag!	Thank you for the invitation to your birthday!",
einpacken,verb,A2,,einpacken,,,0,0,,,,,1,Soll ich Ihnen das als Geschenk einpacken?,Should I wrap this as a gift for you?,einpacken	Soll ich Ihnen das als Geschenk einpacken?	Should I wrap this as a gift for you?,
packt ein,other,A2,,packt ein,,,0,0,,,,,0,Pack bitte die Handtücher ein!,"Pack the towels, please!","packt ein	Pack bitte die Handtücher ein!	Pack the towels, please!",
hat eingepackt,other,A2,,hat eingepackt,,,0,0,,,,,0,,,hat eingepackt		,
steigt ein,other,A2,,steigt ein,,,0,0,,,,,0,"Schnell, steig ein, der Zug fährt gleich ab.","Hurry, get in, the train is about to leave.","steigt ein	Schnell, steig ein, der Zug fährt gleich ab.	Hurry, get in, the train is about to leave.",
ist eingestiegen,other,A2,,ist eingestiegen,,,0,0,,,,,0,,,ist eingestiegen		,
eintragen (sich),other,A2,,eintragen (sich),,,0,0,,,,,0,Sie müssen Ihren Namen und Ihre Adresse eintragen.,You need to enter your name and address.,eintragen (sich) 	Sie müssen Ihren Namen und Ihre Adresse eintragen.	You need to enter your name and address.,
trägt ein,other,A2,,trägt ein,,,0,0,,,,,0,Tragen Sie sich bitte in diese Liste ein!,Please sign up on this list!,trägt ein	Tragen Sie sich bitte in diese Liste ein!	Please sign up on this list!,
hat eingetragen,other,A2,,hat eingetragen,,,0,0,,,,,0,,,hat eingetragen		,
einverstanden sein,other,A2,,einverstanden sein,,,0,0,,,,,0,"Als Termin schlage ich den 11. Juni vor. - Gut, (ich bin) einverstanden.","I suggest June 11th as the date. - Good, I agree.","einverstanden sein	Als Termin schlage ich den 11. Juni vor. - Gut, (ich bin) einverstanden.	I suggest June 11th as the date. - Good, I agree.",
einzel-,other,A2,,einzel-,,,0,0,,,,,0,Nicht alle zusammen. Könnt ihr bitte einzeln sprechen?,Not all together. Can you please speak individually?,einzel-	Nicht alle zusammen. Könnt ihr bitte einzeln sprechen?	Not all together. Can you please speak individually?,
einziehen,verb,A2,,einziehen,,,0,0,,,,,1,Wann können wir in die Wohnung einziehen?,When can we move into the apartment?,einziehen	Wann können wir in die Wohnung einziehen?	When can we move into the apartment?,
zieht ein,other,A2,,zieht ein,,,0,0,,,,,0,Im Juni ziehen unsere neuen Nachbarn ein.,"In June, our new neighbors are moving in.","zieht ein	Im Juni ziehen unsere neuen Nachbarn ein.	In June, our new neighbors are moving in.",
ist eingezogen,other,A2,,ist eingezogen,,,0,0,,,,,0,,,ist eingezogen		,
egal,other,A2,,egal,,,0,0,,,,,0,Das ist mir egal.,I don’t care.,egal	Das ist mir egal.	I don’t care.,
eigen-,other,A2,,eigen-,,,0,0,,,,,0,Nicht alle Kinder haben ein eigenes Zimmer.,Not all children have their own room.,eigen-	Nicht alle Kinder haben ein eigenes Zimmer.	Not all children have their own room.,
eigentlich,other,A2,,eigentlich,,,0,0,,,,,0,"Wir wollten eigentlich Freunde besuchen, aber dann sind wir doch zu Hause geblieben.","We actually wanted to visit friends, but then we stayed home.","eigentlich(1)	Wir wollten eigentlich Freunde besuchen, aber dann sind wir doch zu Hause geblieben.	We actually wanted to visit friends, but then we stayed home.",
das Eis,noun,A2,das,Eis,,,1,0,,,,,0,Möchtest du auch ein Eis?,"Would you like an ice cream, too?","das Eis (Sg.)	Möchtest du auch ein Eis?	Would you like an ice cream, too?",verified
die (E-)Mail,noun,A2,die,(E-)Mail,E-Mails,wiktionary,0,0,,,,,0,Ich schreibe Ihnen/dir eine E-Mail.,I’m writing you an email.,"die (E-)Mail, -s	Ich schreibe Ihnen/dir eine E-Mail.	I’m writing you an email.",verified
empfiehlt,other,A2,,empfiehlt,,,0,0,,,,,0,,,empfiehlt		,
hat empfohlen,other,A2,,hat empfohlen,,,0,0,,,,,0,,,hat empfohlen		,
einig-,other,A2,,einig-,,,0,0,,,,,0,In diesem Text sind einige Fehler.,There are some mistakes in this text.,einig-	In diesem Text sind einige Fehler.	There are some mistakes in this text.,
kauft ein,other,A2,,kauft ein,,,0,0,,,,,0,,,kauft ein		,
hat eingekauft,other,A2,,hat eingekauft,,,0,0,,,,,0,,,hat eingekauft		,
"enden, endet",other,A2,,"enden, endet",,,0,0,,,,,0,Die Straße endet hier.,The street ends here.,"enden, endet	Die Straße endet hier.	The street ends here.",
"enden, hat geendet",other,A2,,"enden, hat geendet",,,0,0,,,,,0,Der Kurs endet in einer Woche.,The course ends in a week.,"enden, hat geendet	Der Kurs endet in einer Woche.	The course ends in a week.",
endlich,other,A2,,endlich,,,0,0,,,,,0,Wann kommst du endlich? Der Film fängt gleich an.,When are you finally coming? The movie is about to start.,endlich	Wann kommst du endlich? Der Film fängt gleich an.	When are you finally coming? The movie is about to start.,
eng,other,A2,,eng,,,0,0,,,,,0,Diese Hose ist zu eng. Gibt es sie auch eine Nummer größer?,This pair of pants is too tight. Is there a larger size?,eng	Diese Hose ist zu eng. Gibt es sie auch eine Nummer größer?	This pair of pants is too tight. Is there a larger size?,
entschuldigen (sich),other,A2,,entschuldigen (sich),,,0,0,,,,,0,Entschuldigen Sie bitte!,"Excuse me, please!","entschuldigen (sich)	Entschuldigen Sie bitte!	Excuse me, please!",
entschuldigt,other,A2,,entschuldigt,,,0,0,,,,,0,,,entschuldigt		,
hat entschuldigt,other,A2,,hat entschuldigt,,,0,0,,,,,0,,,hat entschuldigt		,
das Erdgeschoss,noun,A2,das,Erdgeschoss,Erdgeschosse,-e,0,0,,,,,0,Ich wohne im Erdgeschoss.,I live on the ground floor.,"das Erdgeschoss, -e	Ich wohne im Erdgeschoss.	I live on the ground floor.",verified
die Erfahrung,noun,A2,die,Erfahrung,Erfahrungen,-en,0,0,,,,,0,Ich habe zehn Jahre Erfahrung in diesem Beruf.,I have ten years of experience in this profession.,"die Erfahrung, -en	Ich habe zehn Jahre Erfahrung in diesem Beruf.	I have ten years of experience in this profession.",verified
"erinnern (sich),",other,A2,,"erinnern (sich),",,,0,0,,,,,0,"Erinnerst du dich an José? - Nein, ich erinnere mich nicht an ihn, tut mir leid.","Do you remember José? - No, I don’t remember him, I’m sorry.","erinnern (sich),	Erinnerst du dich an José? - Nein, ich erinnere mich nicht an ihn, tut mir leid.	Do you remember José? - No, I don’t remember him, I’m sorry.",
erinnert,other,A2,,erinnert,,,0,0,,,,,0,,,erinnert		,
hat erinnert,other,A2,,hat erinnert,,,0,0,,,,,0,,,hat erinnert		,
erkältet sein,other,A2,,erkältet sein,,,0,0,,,,,0,Lisa ist erkältet. Sie kann heute nicht zur Schule gehen.,Lisa has a cold. She can’t go to school today.,erkältet sein	Lisa ist erkältet. Sie kann heute nicht zur Schule gehen.	Lisa has a cold. She can’t go to school today.,
ist erkältet,other,A2,,ist erkältet,,,0,0,,,,,0,,,ist erkältet		,
war erkältet,other,A2,,war erkältet,,,0,0,,,,,0,,,war erkältet		,
ist erkältet gewesen,other,A2,,ist erkältet gewesen,,,0,0,,,,,0,,,ist erkältet gewesen		,
"erklären, erklärt",other,A2,,"erklären, erklärt",,,0,0,,,,,0,Ich verstehe das nicht. Kannst du mir das erklären?,I don’t understand that. Can you explain it to me?,"erklären, erklärt	Ich verstehe das nicht. Kannst du mir das erklären?	I don’t understand that. Can you explain it to me?",
"erlauben, erlaubt",other,A2,,"erlauben, erlaubt",,,0,0,,,,,0,Meine Kinder dürfen diesen Film sehen. Ich habe es ihnen erlaubt.,My children are allowed to watch this movie. I have permitted it.,"erlauben, erlaubt	Meine Kinder dürfen diesen Film sehen. Ich habe es ihnen erlaubt.	My children are allowed to watch this movie. I have permitted it.",
hat erlaubt,other,A2,,hat erlaubt,,,0,0,,,,,0,,,hat erlaubt		,
"erlaubt sein, ist erlaubt",other,A2,,"erlaubt sein, ist erlaubt",,,0,0,,,,,0,Parken ist hier nicht erlaubt.,Parking is not allowed here.,"erlaubt sein, ist erlaubt	Parken ist hier nicht erlaubt.	Parking is not allowed here.",
war erlaubt,other,A2,,war erlaubt,,,0,0,,,,,0,,,war erlaubt		,
ist erlaubt gewesen,other,A2,,ist erlaubt gewesen,,,0,0,,,,,0,,,ist erlaubt gewesen		,
die Erlaubnis,noun,A2,die,Erlaubnis,,,1,0,,,,,0,Haben Sie eine Arbeitserlaubnis?,Do you have a work permit?,die Erlaubnis (Sg.)	Haben Sie eine Arbeitserlaubnis?	Do you have a work permit?,verified
die Ermäßigung,noun,A2,die,Ermäßigung,Ermäßigungen,-en,0,0,,,,,0,"Für Schüler, Studenten und Rentner gibt es eine Ermäßigung.","There is a discount for students, pupils, and retirees.","die Ermäßigung, -en	Für Schüler, Studenten und Rentner gibt es eine Ermäßigung.	There is a discount for students, pupils, and retirees.",verified
erreichen,verb,A2,,erreichen,,,0,0,,,,,0,"Wenn wir uns beeilen, erreichen wir noch den Zug um acht Uhr.","If we hurry, we’ll still catch the train at eight o’clock.","erreichen	Wenn wir uns beeilen, erreichen wir noch den Zug um acht Uhr.	If we hurry, we’ll still catch the train at eight o’clock.",
erreicht,other,A2,,erreicht,,,0,0,,,,,0,,,erreicht		,
hat erreicht,other,A2,,hat erreicht,,,0,0,,,,,0,,,hat erreicht		,
erst,other,A2,,erst,,,0,0,,,,,0,Wir können erst morgen kommen.,We can only come tomorrow.,erst	Wir können erst morgen kommen.	We can only come tomorrow.,
"erzählen, erzählt",other,A2,,"erzählen, erzählt",,,0,0,,,,,0,Wir müssen euch etwas erzählen!,We have to tell you something!,"erzählen, erzählt	Wir müssen euch etwas erzählen!	We have to tell you something!",
"erzählen, hat erzählt",other,A2,,"erzählen, hat erzählt",,,0,0,,,,,0,Erzählst du mir eine Geschichte?,Will you tell me a story?,"erzählen, hat erzählt(2)	Erzählst du mir eine Geschichte?	Will you tell me a story?",
"essen, isst",other,A2,,"essen, isst",,,0,0,,,,,0,Was gibt es zu essen?,What is there to eat?,"essen, isst	Was gibt es zu essen?	What is there to eat?",
"essen, hat gegessen",other,A2,,"essen, hat gegessen",,,0,0,,,,,0,Das Essen in der Cafeteria ist meistens ganz gut.,The food in the cafeteria is usually quite good.,"essen, hat gegessen(2)	Das Essen in der Cafeteria ist meistens ganz gut.	The food in the cafeteria is usually quite good.",
etwas,other,A2,,etwas,,,0,0,,,,,0,Ich muss dir etwas erzählen!,I need to tell you something!,etwas	Ich muss dir etwas erzählen!	I need to tell you something!,
das Fach,noun,A2,das,Fach,Fächer,¨-er,0,0,,,,,0,Welches Fach magst du in der Schule am liebsten?,Which subject do you like most in school?,"das Fach, ¨-er	Welches Fach magst du in der Schule am liebsten?	Which subject do you like most in school?",verified
(ab)fahren,other,A2,,(ab)fahren,,,0,0,,,,,0,Ich fahre mit dem Auto zur Arbeit.,I’m driving to work.,(ab)fahren	Ich fahre mit dem Auto zur Arbeit.	I’m driving to work.,
fährt (ab),other,A2,,fährt (ab),,,0,0,,,,,0,Achtung an Gleis 17! Der Zug München - Paris fährt jetzt ab.,Attention on platform 17! The Munich-Paris train is departing.,fährt (ab)	Achtung an Gleis 17! Der Zug München - Paris fährt jetzt ab.	Attention on platform 17! The Munich-Paris train is departing.,
ist (ab)gefahren,other,A2,,ist (ab)gefahren,,,0,0,,,,,0,Der Zug ist schon abgefahren.,The train has already left.,ist (ab)gefahren	Der Zug ist schon abgefahren.	The train has already left.,
der Fahrplan,noun,A2,der,Fahrplan,Fahrpläne,¨-e,0,0,,,,,0,Ist das der neue Fahrplan?,Is this the new timetable?,"der Fahrplan, ¨-e	Ist das der neue Fahrplan?	Is this the new timetable?",verified
das (Fahr)Rad,noun,A2,das,(Fahr)Rad,Räder,wiktionary,0,0,,,,,0,"Wenn es nicht regnet, fahre ich mit dem Fahrrad.","If it doesn’t rain, I’ll go by bike.","das (Fahr)Rad, ¨-er	Wenn es nicht regnet, fahre ich mit dem Fahrrad.	If it doesn’t rain, I’ll go by bike.",verified
"fallen, fällt",other,A2,,"fallen, fällt",,,0,0,,,,,0,"Pass auf, das Glas fällt gleich vom Tisch.","Watch out, the glass is about to fall off the table.","fallen, fällt	Pass auf, das Glas fällt gleich vom Tisch.	Watch out, the glass is about to fall off the table.",
ist gefallen,other,A2,,ist gefallen,,,0,0,,,,,0,Das Glas ist vom Tisch gefallen.,The glass fell off the table.,ist gefallen	Das Glas ist vom Tisch gefallen.	The glass fell off the table.,
der Fan,noun,A2,der,Fan,Fans,-s,0,0,,,,,0,Er ist ein großer Fußballfan.,He’s a big football fan.,"der Fan, -s	Er ist ein großer Fußballfan.	He’s a big football fan.",verified
fantastisch,other,A2,,fantastisch,,,0,0,,,,,0,Dein neues Kleid sieht fantastisch aus!,Your new dress looks fantastic!,fantastisch	Dein neues Kleid sieht fantastisch aus!	Your new dress looks fantastic!,
fast,other,A2,,fast,,,0,0,,,,,0,Der Film ist fast zu Ende.,The movie is almost over.,fast	Der Film ist fast zu Ende.	The movie is almost over.,
faul,other,A2,,faul,,,0,0,,,,,0,Heute sind wir faul: Wir machen keine Hausaufgaben und arbeiten nicht.,Today we’re lazy: We’re not doing homework or working.,faul	Heute sind wir faul: Wir machen keine Hausaufgaben und arbeiten nicht.	Today we’re lazy: We’re not doing homework or working.,
"fehlen, fehlt",other,A2,,"fehlen, fehlt",,,0,0,,,,,0,"Herr Müller ist nicht da, er fehlt schon seit drei Tagen.",Mr. Müller isn’t here; he’s been missing for three days.,"fehlen, fehlt	Herr Müller ist nicht da, er fehlt schon seit drei Tagen.	Mr. Müller isn’t here; he’s been missing for three days.",
die Feier,noun,A2,die,Feier,Feiern,-n,0,0,,,,,0,Wann hast du Feierabend?,When do you finish work?,"die Feier, -n	Wann hast du Feierabend?	When do you finish work?",verified
"feiern, feiert",other,A2,,"feiern, feiert",,,0,0,,,,,0,Wir feiern heute meinen Geburtstag.,We’re celebrating my birthday today.,"feiern, feiert	Wir feiern heute meinen Geburtstag.	We’re celebrating my birthday today.",
das Fenster,noun,A2,das,Fenster,Fenster,-,0,0,,,,,0,Kannst du bitte das Fenster öffnen?,Can you please open the window?,"das Fenster, -	Kannst du bitte das Fenster öffnen?	Can you please open the window?",verified
die Ferien,noun,A2,die,Ferien,Ferien,wiktionary,0,1,,,,,0,Bald haben wir Ferien.,We’ll have a holiday soon.,die Ferien (Pl.)	Bald haben wir Ferien.	We’ll have a holiday soon.,verified
"fernsehen, sieht fern",other,A2,,"fernsehen, sieht fern",,,0,0,,,,,0,Lass uns heute Abend mal fernsehen.,Let’s watch TV tonight.,"fernsehen, sieht fern	Lass uns heute Abend mal fernsehen.	Let’s watch TV tonight.",
der Fernseher,noun,A2,der,Fernseher,Fernseher,-,0,0,,,,,0,Der Fernseher ist kaputt.,The TV is broken.,"der Fernseher, -	Der Fernseher ist kaputt.	The TV is broken.",verified
"fertig sein, ist fertig",other,A2,,"fertig sein, ist fertig",,,0,0,,,,,0,Das Essen ist gleich fertig. Kommst du?,The food is almost ready. Are you coming?,"fertig sein, ist fertig	Das Essen ist gleich fertig. Kommst du?	The food is almost ready. Are you coming?",
fertig sein,other,A2,,fertig sein,,,0,0,,,,,0,Wir müssen gleich gehen. Bist du fertig?,We need to leave soon. Are you ready?,fertig sein(2)	Wir müssen gleich gehen. Bist du fertig?	We need to leave soon. Are you ready?,
das Fest,noun,A2,das,Fest,Feste,-e,0,0,,,,,0,Frohes Fest!,Happy holiday!,"das Fest, -e	Frohes Fest!	Happy holiday!",verified
das Festival,noun,A2,das,Festival,Festivals,-s,0,0,,,,,0,Am Wochenende ist in der Stadt ein Musik-Festival.,There’s a music festival in town this weekend.,"das Festival, -s	Am Wochenende ist in der Stadt ein Musik-Festival.	There’s a music festival in town this weekend.",verified
fett,other,A2,,fett,,,0,0,,,,,0,Die Wurst ist mir zu fett.,The sausage is too fatty for me.,fett	Die Wurst ist mir zu fett.	The sausage is too fatty for me.,
"finden, findet",other,A2,,"finden, findet",,,0,0,,,,,0,Wir müssen den Schlüssel finden.,We need to find the key.,"finden, findet	Wir müssen den Schlüssel finden.	We need to find the key.",
"fit sein, ist fit",other,A2,,"fit sein, ist fit",,,0,0,,,,,0,Tom will fit sein. Er geht jeden Tag ins Fitnessstudio.,Tom wants to be fit. He goes to the gym every day.,"fit sein, ist fit	Tom will fit sein. Er geht jeden Tag ins Fitnessstudio.	Tom wants to be fit. He goes to the gym every day.",
fit sein,other,A2,,fit sein,,,0,0,,,,,0,war fit,was fit.,fit sein(2)	war fit	was fit.,
fleißig,other,A2,,fleißig,,,0,0,,,,,0,Ibrahim ist sehr fleißig. Er macht immer seine Hausaufgaben.,Ibrahim is very hardworking. He always does his homework.,fleißig	Ibrahim ist sehr fleißig. Er macht immer seine Hausaufgaben.	Ibrahim is very hardworking. He always does his homework.,
"(ab)fliegen, fliegt (ab)",other,A2,,"(ab)fliegen, fliegt (ab)",,,0,0,,,,,0,Ich fliege in den Ferien nach Spanien.,I’m flying to Spain during the holidays.,"(ab)fliegen, fliegt (ab)	Ich fliege in den Ferien nach Spanien.	I’m flying to Spain during the holidays.",
(ab)fliegen,other,A2,,(ab)fliegen,,,0,0,,,,,0,ist (ab)geflogen,has flown (departed).,(ab)fliegen(2)	ist (ab)geflogen	has flown (departed).,
der Flohmarkt,noun,A2,der,Flohmarkt,Flohmärkte,¨-e,0,0,,,,,0,Ich gehe gern auf den Flohmarkt.,I like going to the flea market.,"der Flohmarkt, ¨-e	Ich gehe gern auf den Flohmarkt.	I like going to the flea market.",verified
der Flug,noun,A2,der,Flug,Flüge,¨-e,0,0,,,,,0,Ich möchte einen Flug nach Kanada buchen.,I’d like to book a flight to Canada.,"der Flug, ¨-e	Ich möchte einen Flug nach Kanada buchen.	I’d like to book a flight to Canada.",verified
der Fluss,noun,A2,der,Fluss,Flüsse,¨-e,0,0,,,,,0,Der Rhein ist ein großer Fluss.,The Rhine is a big river.,"der Fluss, ¨-e	Der Rhein ist ein großer Fluss.	The Rhine is a big river.",verified
der Fotoapparat,noun,A2,der,Fotoapparat,Fotoapparate,-e,0,0,,,,,0,Ich möchte mir einen Fotoapparat kaufen.,I’d like to buy a camera.,"der Fotoapparat, -e	Ich möchte mir einen Fotoapparat kaufen.	I’d like to buy a camera.",verified
"fotografieren, fotografiert",other,A2,,"fotografieren, fotografiert",,,0,0,,,,,0,Ich fotografiere gern.,I like to take photos.,"fotografieren, fotografiert	Ich fotografiere gern.	I like to take photos.",
fotografieren,verb,A2,,fotografieren,,,0,0,,fotografiert,haben,,0,,,fotografieren(2)	hat fotografiert	has photographed.,
"fragen, fragt",other,A2,,"fragen, fragt",,,0,0,,,,,0,"Er fragt, wann er kommen kann.",He’s asking when he can come.,"fragen, fragt	Er fragt, wann er kommen kann.	He’s asking when he can come.",
freiwillig,other,A2,,freiwillig,,,0,0,,,,,0,Manchmal bleibe ich freiwillig länger im Büro.,Sometimes I stay longer at the office voluntarily.,freiwillig	Manchmal bleibe ich freiwillig länger im Büro.	Sometimes I stay longer at the office voluntarily.,
"frühstücken, frühstückt",other,A2,,"frühstücken, frühstückt",,,0,0,,,,,0,Ich frühstücke immer um 9:00 Uhr.,I always have breakfast at 9:00.,"frühstücken, frühstückt	Ich frühstücke immer um 9:00 Uhr.	I always have breakfast at 9:00.",
"fühlen (sich), fühlt",other,A2,,"fühlen (sich), fühlt",,,0,0,,,,,0,Wie fühlen Sie sich?,How are you feeling?,"fühlen (sich), fühlt	Wie fühlen Sie sich?	How are you feeling?",
fühlen (sich),other,A2,,fühlen (sich),,,0,0,,,,,0,Ich fühle mich heute nicht gut.,I’m not feeling well today.,fühlen (sich)(2)	Ich fühle mich heute nicht gut.	I’m not feeling well today.,
der Führerschein,noun,A2,der,Führerschein,Führerscheine,-e,0,0,,,,,0,Hast du den Führerschein?,Do you have a driver’s license?,"der Führerschein, -e	Hast du den Führerschein?	Do you have a driver’s license?",verified
die Fundsachen,noun,A2,die,Fundsachen,,,0,1,,,,,0,Haben Sie meinen Schirm gefunden?,Have you found my umbrella?,die Fundsachen (Pl.)	Haben Sie meinen Schirm gefunden?	Have you found my umbrella?,unverified
furchtbar,other,A2,,furchtbar,,,0,0,,,,,0,Er hat furchtbare Schmerzen.,He’s in terrible pain.,furchtbar	Er hat furchtbare Schmerzen.	He’s in terrible pain.,
"freuen (sich), freut",other,A2,,"freuen (sich), freut",,,0,0,,,,,0,Zum Geburtstag habe ich ein interessantes Buch bekommen.,I’m very happy about the gift I received for my birthday.,"freuen (sich), freut	Zum Geburtstag habe ich ein interessantes Buch bekommen. 	I’m very happy about the gift I received for my birthday.",
freuen (sich),other,A2,,freuen (sich),,,0,0,,,,,0,Die Kinder freuen sich schon auf die Ferien.,The kids are already excited about the holidays.,freuen (sich)(2)	Die Kinder freuen sich schon auf die Ferien.	The kids are already excited about the holidays.,
die Freundin,noun,A2,die,Freundin,Freundinnen,-nen,0,0,,,,,0,Das ist meine Freundin Susanne.,That’s my friend Susanne.,"die Freundin, -nen	Das ist meine Freundin Susanne.	That’s my friend Susanne.",verified
freundlich,other,A2,,freundlich,,,0,0,,,,,0,Er ist immer sehr freundlich zu mir.,He’s always very friendly to me.,freundlich	Er ist immer sehr freundlich zu mir.	He’s always very friendly to me.,
frisch,other,A2,,frisch,,,0,0,,,,,0,Das Brot ist noch ganz frisch.,"I just bought the bread, and it’s still fresh.","frisch	Das Brot ist noch ganz frisch.	I just bought the bread, and it’s still fresh.",
froh,other,A2,,froh,,,0,0,,,,,0,"Ich bin froh, dass du kommen kannst.",I’m happy that you can come.,"froh	Ich bin froh, dass du kommen kannst.	I’m happy that you can come.",
früh,other,A2,,früh,,,0,0,,,,,0,Geht es auch später? Sechs Uhr ist mir zu früh.,Is it possible to meet later? 6 AM is too early for me.,früh	Geht es auch später? Sechs Uhr ist mir zu früh.	Is it possible to meet later? 6 AM is too early for me.,
die Gabel,noun,A2,die,Gabel,Gabeln,-n,0,0,,,,,0,Kann ich bitte eine Gabel haben?,May I please have a fork?,"die Gabel, -n	Kann ich bitte eine Gabel haben?	May I please have a fork?",verified
ganz,other,A2,,ganz,,,0,0,,,,,0,"Oh nein! Was ist passiert? Ist deine Brille jetzt kaputt? - Nein, zum Glück ist sie noch ganz!","Oh no! What happened? Is your glasses broken now? - No, fortunately, it’s still intact!","ganz	Oh nein! Was ist passiert? Ist deine Brille jetzt kaputt? - Nein, zum Glück ist sie noch ganz!	Oh no! What happened? Is your glasses broken now? - No, fortunately, it’s still intact!",
die Garage,noun,A2,die,Garage,Garagen,-n,0,0,,,,,0,Hier ist eine Garage für dein Auto.,Here is a garage for your car.,"die Garage, -n	Hier ist eine Garage für dein Auto.	Here is a garage for your car.",verified
"geben, gibt, hat gegeben",other,A2,,"geben, gibt, hat gegeben",,,0,0,,,,,0,Kannst du mir mal deinen Stift geben?,Could you give me your pen?,"geben, gibt, hat gegeben	Kannst du mir mal deinen Stift geben?	Could you give me your pen?",
"Geburts-(jahr, ort, tag), (-e, -e, -e)",other,A2,,"Geburts-(jahr, ort, tag), (-e, -e, -e)",,,0,0,,,,,0,"Das Geburtsjahr Ihres Sohnes, bitte?","The year of birth of your son, please?","Geburts-(jahr, ort, tag), (-e, -e, -e)	Das Geburtsjahr Ihres Sohnes, bitte?	The year of birth of your son, please?",
geehrt-,other,A2,,geehrt-,,,0,0,,,,,0,"Sehr geehrte Damen und Herren,","Dear Ladies and Gentlemen,","geehrt-	Sehr geehrte Damen und Herren,	Dear Ladies and Gentlemen,",
gefährlich,other,A2,,gefährlich,,,0,0,,,,,0,Du darfst nicht bei Rot über die Straße gehen. Das ist gefährlich.,You shouldn’t cross the street when the light is red. That’s dangerous.,gefährlich	Du darfst nicht bei Rot über die Straße gehen. Das ist gefährlich.	You shouldn’t cross the street when the light is red. That’s dangerous.,
"gefallen, gefällt, hat gefalle",other,A2,,"gefallen, gefällt, hat gefalle",,,0,0,,,,,0,Das Bild gefällt mir.,I like the picture.,"gefallen, gefällt, hat gefalle	Das Bild gefällt mir.	I like the picture.",
das Gegenteil,noun,A2,das,Gegenteil,Gegenteile,-e,0,0,,,,,0,Das Gegenteil von klein ist „groß“.,The opposite of “small” is “big.”,"das Gegenteil , -e	Das Gegenteil von klein ist „groß“.	The opposite of “small” is “big.”",verified
gegenüber,preposition,A2,,gegenüber,,,0,0,dativ,,,,0,Die Post ist gegenüber vom Bahnhof.,The post office is across from the train station.,gegenüber	Die Post ist gegenüber vom Bahnhof.	The post office is across from the train station.,
das Gehalt,noun,A2,das,Gehalt,Gehalte,wiktionary,0,0,,,,,0,Sie ist mit ihrem Gehalt zufrieden.,She is satisfied with her salary.,"das Gehalt, ¨-er	Sie ist mit ihrem Gehalt zufrieden.	She is satisfied with her salary.",verified
"gehen, geht, ist gegangen",other,A2,,"gehen, geht, ist gegangen",,,0,0,,,,,0,"Ich weiß nicht, wie das geht.",I don’t know how that works.,"gehen, geht, ist gegangen	Ich weiß nicht, wie das geht.	I don’t know how that works.",
"gehören, gehört, hat gehört",other,A2,,"gehören, gehört, hat gehört",,,0,0,,,,,0,Gehört der Stift dir?,Does the pen belong to you?,"gehören, gehört, hat gehört	Gehört der Stift dir?	Does the pen belong to you?",
die Geldbörse,noun,A2,die,Geldbörse,Geldbörsen,-n,0,0,,,,,0,Sie hat ihre Geldbörse verloren.,She lost her wallet.,"die Geldbörse, -n	Sie hat ihre Geldbörse verloren.	She lost her wallet.",verified
genau,other,A2,,genau,,,0,0,,,,,0,"Sind Sie sicher, dass die Prüfung am 15. Juni ist? - Ja, das weiß ich genau.","Are you sure the exam is on June 15th? - Yes, I know that exactly.","genau	Sind Sie sicher, dass die Prüfung am 15. Juni ist? - Ja, das weiß ich genau.	Are you sure the exam is on June 15th? - Yes, I know that exactly.",
genug,other,A2,,genug,,,0,0,,,,,0,Es ist noch genug Pizza da. Möchtest du noch ein Stück?,There’s still enough pizza. Do you want another piece?,genug	Es ist noch genug Pizza da. Möchtest du noch ein Stück?	There’s still enough pizza. Do you want another piece?,
geradeaus,other,A2,,geradeaus,,,0,0,,,,,0,Gehen Sie immer geradeaus!,Go straight ahead!,geradeaus	Gehen Sie immer geradeaus!	Go straight ahead!,
das Gerät,noun,A2,das,Gerät,Geräte,-e,0,0,,,,,0,Elektrogeräte finden Sie im dritten Stock.,Electronic devices can be found on the third floor.,"das Gerät, -e	Elektrogeräte finden Sie im dritten Stock.	Electronic devices can be found on the third floor.",verified
das Gericht,noun,A2,das,Gericht,Gerichte,-e,0,0,,,,,0,Mein Lieblingsgericht ist Pizza.,My favorite dish is pizza.,"das Gericht, -e	Mein Lieblingsgericht ist Pizza.	My favorite dish is pizza.",verified
"gern, lieber, am liebsten",other,A2,,"gern, lieber, am liebsten",,,0,0,,,,,0,Ich helfe Ihnen gern.,I’m happy to help you.,"gern, lieber, am liebsten	Ich helfe Ihnen gern.	I’m happy to help you.",
die Geschichte,noun,A2,die,Geschichte,Geschichten,-n,0,0,,,,,0,Erzählst du mir eine Geschichte?,Will you tell me a story?,"die Geschichte, -n	Erzählst du mir eine Geschichte?	Will you tell me a story?",verified
das Geschirr,noun,A2,das,Geschirr,,,1,0,,,,,0,Stellst du bitte das Geschirr in den Schrank?,Could you please put the dishes in the cupboard?,das Geschirr (Sg.)	Stellst du bitte das Geschirr in den Schrank?	Could you please put the dishes in the cupboard?,verified
das Gesicht,noun,A2,das,Gesicht,Gesichter,-er,0,0,,,,,0,Wasch dir bitte das Gesicht.,Please wash your face.,"das Gesicht, -er	Wasch dir bitte das Gesicht.	Please wash your face.",verified
gesund,other,A2,,gesund,,,0,0,,,,,0,Ich hatte Grippe. Jetzt bin ich wieder gesund.,I had the flu. Now I’m healthy again.,gesund	Ich hatte Grippe. Jetzt bin ich wieder gesund.	I had the flu. Now I’m healthy again.,
die Gesundheit,noun,A2,die,Gesundheit,,,1,0,,,,,0,Gesundheit! Sind Sie erkältet?,Bless you! Are you catching a cold?,die Gesundheit (Sg.)	Gesundheit! Sind Sie erkältet?	Bless you! Are you catching a cold?,verified
"gewinnen, gewinnt, hat gewonne",other,A2,,"gewinnen, gewinnt, hat gewonne",,,0,0,,,,,0,Unsere Mannschaft hat gewonnen.,Our team won.,"gewinnen, gewinnt, hat gewonne	Unsere Mannschaft hat gewonnen.	Our team won.",
das Gewitter,noun,A2,das,Gewitter,Gewitter,-,0,0,,,,,0,"Ich glaube, es gibt heute ein Gewitter.",I think there will be a thunderstorm today.,"das Gewitter, -	Ich glaube, es gibt heute ein Gewitter.	I think there will be a thunderstorm today.",verified
die Gitarre,noun,A2,die,Gitarre,Gitarren,-n,0,0,,,,,0,Er kann gut Gitarre spielen.,He can play the guitar well.,"die Gitarre, -n	Er kann gut Gitarre spielen.	He can play the guitar well.",verified
"glauben, glaubt, hat geglaubt",other,A2,,"glauben, glaubt, hat geglaubt",,,0,0,,,,,0,"Sie können mir glauben, es ist so.","You can believe me, it’s true.","glauben, glaubt, hat geglaubt	Sie können mir glauben, es ist so.	You can believe me, it’s true.",
"glauben, glaubt, hat geglaubt(",other,A2,,"glauben, glaubt, hat geglaubt(",,,0,0,,,,,0,"Ich glaube, er kommt gleich.",I think he’s coming soon.,"glauben, glaubt, hat geglaubt(	Ich glaube, er kommt gleich.	I think he’s coming soon.",
"gratulieren, gratuliert, hat g",other,A2,,"gratulieren, gratuliert, hat g",,,0,0,,,,,0,Ich gratuliere dir!,Congratulations!,"gratulieren, gratuliert, hat g	Ich gratuliere dir!	Congratulations!",
"grillen, grillt, hat gegrillt",other,A2,,"grillen, grillt, hat gegrillt",,,0,0,,,,,0,Heute grillen wir im Garten.,Today we’re grilling in the garden.,"grillen, grillt, hat gegrillt	Heute grillen wir im Garten.	Today we’re grilling in the garden.",
die Grippe,noun,A2,die,Grippe,,,1,0,,,,,0,Ich habe eine Grippe und kann leider nicht kommen.,I have the flu and unfortunately can’t come.,die Grippe (Sg.)	Ich habe eine Grippe und kann leider nicht kommen.	I have the flu and unfortunately can’t come.,verified
"gültig sein, ist gültig, war g",other,A2,,"gültig sein, ist gültig, war g",,,0,0,,,,,0,Der Pass ist nicht mehr gültig.,The passport is no longer valid.,"gültig sein, ist gültig, war g	Der Pass ist nicht mehr gültig.	The passport is no longer valid.",
"gut, besser, am besten",other,A2,,"gut, besser, am besten",,,0,0,,,,,0,Das finde ich gut.,I think that’s good.,"gut, besser, am besten	Das finde ich gut.	I think that’s good.",
"haben, hat, hatte, hat gehabt",other,A2,,"haben, hat, hatte, hat gehabt",,,0,0,,,,,0,Ich habe ein neues Auto.,I have a new car.,"haben, hat, hatte, hat gehabt	Ich habe ein neues Auto.	I have a new car.",
der Hals,noun,A2,der,Hals,Hälse,¨-e,0,0,,,,,0,Mir tut der Hals weh.,My throat hurts.,"der Hals, ¨-e	Mir tut der Hals weh.	My throat hurts.",verified
"halten, hält, hat gehalten",other,A2,,"halten, hält, hat gehalten",,,0,0,,,,,0,Dieser Zug hält nicht in Rüdesheim.,This train doesn’t stop in Rüdesheim.,"halten, hält, hat gehalten	Dieser Zug hält nicht in Rüdesheim.	This train doesn’t stop in Rüdesheim.",
der Hamburger,noun,A2,der,Hamburger,Hamburger,-,0,0,,,,,0,"Einen Hamburger ohne Salat, bitte.","A hamburger without salad, please.","der Hamburger, -	Einen Hamburger ohne Salat, bitte.	A hamburger without salad, please.",verified
das Handtuch,noun,A2,das,Handtuch,Handtücher,¨-er,0,0,,,,,0,Gibst du mir bitte ein frisches Handtuch?,"Could you give me a fresh towel, please?","das Handtuch, ¨-er	Gibst du mir bitte ein frisches Handtuch?	Could you give me a fresh towel, please?",verified
"hängen, hängt, hat gehangen/gehängt",other,A2,,"hängen, hängt, hat gehangen/gehängt",,,0,0,,,,,0,Im Museum hängen moderne Bilder.,"In the museum, modern pictures are hanging.","hängen, hängt, hat gehangen/gehängt	Im Museum hängen moderne Bilder.	In the museum, modern pictures are hanging.",
hart,other,A2,,hart,,,0,0,,,,,0,Ich finde das Bett zu hart.,I find the bed too hard.,hart	Ich finde das Bett zu hart.	I find the bed too hard.,
hässlich,other,A2,,hässlich,,,0,0,,,,,0,Ich finde das Kleid hässlich. Es gefällt mir nicht.,I find the dress ugly. I don’t like it.,hässlich	Ich finde das Kleid hässlich. Es gefällt mir nicht.	I find the dress ugly. I don’t like it.,
die Hauptstadt,noun,A2,die,Hauptstadt,Hauptstädte,¨-e,0,0,,,,,0,Berlin ist die Hauptstadt von Deutschland.,Berlin is the capital of Germany.,"die Hauptstadt, ¨-e	Berlin ist die Hauptstadt von Deutschland.	Berlin is the capital of Germany.",verified
der Haushalt,noun,A2,der,Haushalt,Haushalte,-e,0,0,,,,,0,Wer macht bei euch den Haushalt? - Meine Frau und ich machen den Haushalt zusammen:,Who does the housework in your home? - My wife and I do the housework together:,"der Haushalt, -e	Wer macht bei euch den Haushalt? - Meine Frau und ich machen den Haushalt zusammen:	Who does the housework in your home? - My wife and I do the housework together:",verified
das Heft,noun,A2,das,Heft,Hefte,-e,0,0,,,,,0,Hast du dein Heft dabei?,Do you have your notebook with you?,"das Heft, -e	Hast du dein Heft dabei?	Do you have your notebook with you?",verified
"heiraten, heiratet, hat geheiratet",other,A2,,"heiraten, heiratet, hat geheiratet",,,0,0,,,,,0,Meine Schwester heiratet nächsten Monat.,My sister is getting married next month.,"heiraten, heiratet, hat geheiratet	Meine Schwester heiratet nächsten Monat.	My sister is getting married next month.",
heiß,other,A2,,heiß,,,0,0,,,,,0,"Vorsicht, der Tee ist heiß!","Be careful, the tea is hot!","heiß	Vorsicht, der Tee ist heiß!	Be careful, the tea is hot!",
"heißen, heißt, hat geheißen",other,A2,,"heißen, heißt, hat geheißen",,,0,0,,,,,0,Ich heiße Charlotte Meier.,My name is Charlotte Meier.,"heißen, heißt, hat geheißen	Ich heiße Charlotte Meier.	My name is Charlotte Meier.",
die Heizung,noun,A2,die,Heizung,Heizungen,-en,0,0,,,,,0,Es ist kalt. Ist die Heizung kaputt?,It’s cold. Is the heating broken?,"die Heizung, -en	Es ist kalt. Ist die Heizung kaputt?	It’s cold. Is the heating broken?",verified
"helfen, hilft, hat geholfen",other,A2,,"helfen, hilft, hat geholfen",,,0,0,,,,,0,Würden Sie mir bitte helfen?,Could you please help me?,"helfen, hilft, hat geholfen	Würden Sie mir bitte helfen?	Could you please help me?",
das Hemd,noun,A2,das,Hemd,Hemden,-en,0,0,,,,,0,Nick trägt heute ein neues Hemd.,Nick is wearing a new shirt today.,"das Hemd, -en	Nick trägt heute ein neues Hemd.	Nick is wearing a new shirt today.",verified
her/her-/-her,other,A2,,her/her-/-her,,,0,0,,,,,0,Komm bitte mal her!,"Come here, please!","her/her-/-her	Komm bitte mal her!	Come here, please!",
heraus/raus,other,A2,,heraus/raus,,,0,0,,,,,0,Möchtet ihr nicht rauskommen? Das Wetter ist so schön.,Don’t you want to come outside? The weather is so nice.,heraus/raus	Möchtet ihr nicht rauskommen? Das Wetter ist so schön.	Don’t you want to come outside? The weather is so nice.,
herein/rein,other,A2,,herein/rein,,,0,0,,,,,0,Herein! Die Tür ist offen.,Come in! The door is open.,herein/rein	Herein! Die Tür ist offen.	Come in! The door is open.,
"herstellen, stellt her, hat hergestellt",other,A2,,"herstellen, stellt her, hat hergestellt",,,0,0,,,,,0,In unserer Firma stellen wir Möbel her.,"In our company, we manufacture furniture.","herstellen, stellt her, hat hergestellt	In unserer Firma stellen wir Möbel her.	In our company, we manufacture furniture.",
"herunterladen, lädt herunter, hat heruntergeladen",other,A2,,"herunterladen, lädt herunter, hat heruntergeladen",,,0,0,,,,,0,Er lädt die Musik aus dem Internet herunter.,He is downloading the music from the internet.,"herunterladen, lädt herunter, hat heruntergeladen	Er lädt die Musik aus dem Internet herunter.	He is downloading the music from the internet.",
der Himmel,noun,A2,der,Himmel,,,1,0,,,,,0,Heute ist so tolles Wetter: Der Himmel ist blau und es gibt keine Wolken.,Today the weather is so nice: The sky is blue and there are no clouds.,der Himmel (Sg.)	Heute ist so tolles Wetter: Der Himmel ist blau und es gibt keine Wolken.	Today the weather is so nice: The sky is blue and there are no clouds.,verified
hin/hin-/-hin,other,A2,,hin/hin-/-hin,,,0,0,,,,,0,Wo gehst du hin?/Wohin gehst du?,Where are you going?/Where are you headed?,hin/hin-/-hin	Wo gehst du hin?/Wohin gehst du?	Where are you going?/Where are you headed?,
hinter,preposition,A2,,hinter,,,0,0,wechsel,,,,0,Hinter dem Haus haben wir einen Garten.,"Behind the house, we have a garden.","hinter	Hinter dem Haus haben wir einen Garten.	Behind the house, we have a garden.",
"hoffen, hofft, hat gehofft",other,A2,,"hoffen, hofft, hat gehofft",,,0,0,,,,,0,"Ich hoffe, dass es dir gut geht.",I hope that you are doing well.,"hoffen, hofft, hat gehofft	Ich hoffe, dass es dir gut geht.	I hope that you are doing well.",
hoffentlich,other,A2,,hoffentlich,,,0,0,,,,,0,Hoffentlich hat unser Zug keine Verspätung.,"Hopefully, our train isn’t delayed.","hoffentlich	Hoffentlich hat unser Zug keine Verspätung.	Hopefully, our train isn’t delayed.",
"holen, holt, hat geholt",other,A2,,"holen, holt, hat geholt",,,0,0,,,,,0,Soll ich uns etwas zu trinken holen?,Should I get us something to drink?,"holen, holt, hat geholt	Soll ich uns etwas zu trinken holen?	Should I get us something to drink?",
die Homepage,noun,A2,die,Homepage,Homepages,-s,0,0,,,,,0,Auf der Homepage von Freiburg gibt es alle wichtigen Informationen über die Stadt.,The homepage of Freiburg has all the important information about the city.,"die Homepage, -s	Auf der Homepage von Freiburg gibt es alle wichtigen Informationen über die Stadt.	The homepage of Freiburg has all the important information about the city.",verified
"hören, hört, hat gehört",other,A2,,"hören, hört, hat gehört",,,0,0,,,,,0,Hör mal! Was ist das?,Listen! What is that?,"hören, hört, hat gehört	Hör mal! Was ist das?	Listen! What is that?",
die Hose,noun,A2,die,Hose,Hosen,-n,0,0,,,,,0,Kann ich die Hose waschen?,Can I wash the pants?,"die Hose, -n	Kann ich die Hose waschen?	Can I wash the pants?",verified
"husten, hustet, hat gehustet",other,A2,,"husten, hustet, hat gehustet",,,0,0,,,,,0,Sie hustet seit zwei Tagen. Sie ist krank.,She has been coughing for two days. She is ill.,"husten, hustet, hat gehustet	Sie hustet seit zwei Tagen. Sie ist krank.	She has been coughing for two days. She is ill.",
die Idee,noun,A2,die,Idee,Ideen,-n,0,0,,,,,0,Was machen wir heute Abend? Hast du eine gute Idee?,What are we doing tonight? Do you have a good idea?,"die Idee, -n	Was machen wir heute Abend? Hast du eine gute Idee?	What are we doing tonight? Do you have a good idea?",verified
"informieren (sich), informiert, hat informiert",other,A2,,"informieren (sich), informiert, hat informiert",,,0,0,,,,,0,Ich möchte mich vor der Reise über das Land informieren.,I want to inform myself about the country before the trip.,"informieren (sich), informiert, hat informiert	Ich möchte mich vor der Reise über das Land informieren.	I want to inform myself about the country before the trip.",
die Insel,noun,A2,die,Insel,Inseln,-n,0,0,,,,,0,Ich möchte im Sommer auf einer Insel Urlaub machen.,I would like to vacation on an island in the summer.,"die Insel, -n	Ich möchte im Sommer auf einer Insel Urlaub machen.	I would like to vacation on an island in the summer.",verified
das Instrument,noun,A2,das,Instrument,Instrumente,-e,0,0,,,,,0,Ich spiele Klavier. Spielen Sie auch ein Instrument?,I play the piano. Do you also play an instrument?,"das Instrument, -e	Ich spiele Klavier. Spielen Sie auch ein Instrument?	I play the piano. Do you also play an instrument?",verified
intelligent,other,A2,,intelligent,,,0,0,,,,,0,Einstein war sehr intelligent.,Einstein was very intelligent.,intelligent	Einstein war sehr intelligent.	Einstein was very intelligent.,
das Interesse,noun,A2,das,Interesse,Interessen,-n,0,0,,,,,0,"Ich habe viele Interessen: Sport, Lesen, Kultur, Reisen.","I have many interests: sports, reading, culture, traveling.","das Interesse, -n	Ich habe viele Interessen: Sport, Lesen, Kultur, Reisen.	I have many interests: sports, reading, culture, traveling.",verified
"interessieren (sich), interessiert, hat interessiert",other,A2,,"interessieren (sich), interessiert, hat interessiert",,,0,0,,,,,0,Ich interessiere mich für Fußball.,I am interested in soccer.,"interessieren (sich), interessiert, hat interessiert	Ich interessiere mich für Fußball. 	I am interested in soccer.",
interessant,other,A2,,interessant,,,0,0,,,,,0,Ich lese gerade ein interessantes Buch.,I’m currently reading an interesting book.,interessant	Ich lese gerade ein interessantes Buch.	I’m currently reading an interesting book.,
das Interview,noun,A2,das,Interview,Interviews,-s,0,0,,,,,0,Komm schnell! Im Radio kommt ein Interview mit deinem Lieblingssänger.,Come quickly! There is an interview with your favorite singer on the radio.,"das Interview, -s	Komm schnell! Im Radio kommt ein Interview mit deinem Lieblingssänger. 	Come quickly! There is an interview with your favorite singer on the radio.",verified
die Jeans,noun,A2,die,Jeans,Jeans,wiktionary,0,1,,,,,0,Ich mag Jeans lieber als Röcke.,I prefer jeans to skirts.,die Jeans (Pl.)	Ich mag Jeans lieber als Röcke.	I prefer jeans to skirts.,verified
"jeder, jede, jedes",other,A2,,"jeder, jede, jedes",,,0,0,,,,,0,Das Restaurant hat jeden Tag geöffnet.,The restaurant is open every day.,"jeder, jede, jedes	Das Restaurant hat jeden Tag geöffnet.	The restaurant is open every day.",
jemand,other,A2,,jemand,,,0,0,,,,,0,Hat jemand meinen Stift?,Has someone seen my pen?,jemand	Hat jemand meinen Stift?	Has someone seen my pen?,
"joggen, joggt, ist/hat gejoggt",other,A2,,"joggen, joggt, ist/hat gejoggt",,,0,0,,,,,0,Ich jogge gern im Park.,I like to jog in the park.,"joggen, joggt, ist/hat gejoggt	Ich jogge gern im Park.	I like to jog in the park.",
die Jugendherberge,noun,A2,die,Jugendherberge,Jugendherbergen,-n,0,0,,,,,0,Wir übernachten in einer Jugendherberge.,We are staying in a youth hostel.,"die Jugendherberge, -n	Wir übernachten in einer Jugendherberge. 	We are staying in a youth hostel.",verified
die Jugendliche,noun,A2,die,Jugendliche,Jugendlichen,-n,0,0,,,,,0,Viele Jugendliche hören den ganzen Tag Musik.,Many young people listen to music all day.,"der/die Jugendliche, -n	Viele Jugendliche hören den ganzen Tag Musik. 	Many young people listen to music all day.",verified
der Kalender,noun,A2,der,Kalender,Kalender,-,0,0,,,,,0,"Haben Sie am Montag Zeit? - Einen Moment, ich schaue in meinem Kalender.","Do you have time on Monday? - One moment, I'll check my calendar.","der Kalender, -	Haben Sie am Montag Zeit? - Einen Moment, ich schaue in meinem Kalender.	Do you have time on Monday? - One moment, I'll check my calendar.",verified
kalt,other,A2,,kalt,,,0,0,,,,,0,Heute ist es sehr kalt.,Today it is very cold.,kalt	Heute ist es sehr kalt.	Today it is very cold.,
die Kamera,noun,A2,die,Kamera,Kameras,-s,0,0,,,,,0,Hannes hat eine neue Kamera. Er kann mit der Kamera Fotos und Filme machen.,Hannes has a new camera. He can take photos and videos with the camera.,"die Kamera, -s	Hannes hat eine neue Kamera. Er kann mit der Kamera Fotos und Filme machen.	Hannes has a new camera. He can take photos and videos with the camera.",verified
der Käse,noun,A2,der,Käse,,,1,0,,,,,0,Isst du lieber Käse oder Wurst?,Do you prefer cheese or sausage?,der Käse (Sg.)	Isst du lieber Käse oder Wurst?	Do you prefer cheese or sausage?,verified
die Katze,noun,A2,die,Katze,Katzen,-n,0,0,,,,,0,Meine Tochter wünscht sich eine Katze.,My daughter wants a cat.,"die Katze, -n	Meine Tochter wünscht sich eine Katze.	My daughter wants a cat.",verified
"kaufen, kauft, hat gekauft",other,A2,,"kaufen, kauft, hat gekauft",,,0,0,,,,,0,Tim kauft sich ein neues Auto.,Tim is buying a new car.,"kaufen, kauft, hat gekauft	Tim kauft sich ein neues Auto.	Tim is buying a new car.",
"kein, keine",other,A2,,"kein, keine",,,0,0,,,,,0,Hast du keinen Hunger?,Don’t you feel hungry?,"kein, keine	Hast du keinen Hunger?	Don’t you feel hungry?",
der Keller,noun,A2,der,Keller,Keller,-,0,0,,,,,0,Bitte bring die Kartoffeln in den Keller!,Please take the potatoes to the cellar!,"der Keller, -	Bitte bring die Kartoffeln in den Keller!	Please take the potatoes to the cellar!",verified
"kennen, kennt, hat gekannt",other,A2,,"kennen, kennt, hat gekannt",,,0,0,,,,,0,"Kennen Sie diese Frau? – Nein, leider nicht.","Do you know this woman? – No, unfortunately not.","kennen, kennt, hat gekannt	Kennen Sie diese Frau? – Nein, leider nicht.	Do you know this woman? – No, unfortunately not.",
"kennenlernen, lernt kennen, hat kennengelernt",other,A2,,"kennenlernen, lernt kennen, hat kennengelernt",,,0,0,,,,,0,Wo habt ihr euch kennengelernt? – Wir haben uns in München kennengelernt.,Where did you meet? – We met in Munich.,"kennenlernen, lernt kennen, hat kennengelernt	Wo habt ihr euch kennengelernt? – Wir haben uns in München kennengelernt.	Where did you meet? – We met in Munich.",
die Kenntnisse,noun,A2,die,Kenntnisse,,,0,1,,,,,0,Deine Deutschkenntnisse sind sehr gut!,Your German skills are very good!,die Kenntnisse (Pl.)	Deine Deutschkenntnisse sind sehr gut!	Your German skills are very good!,unverified
die Kette,noun,A2,die,Kette,Ketten,-n,0,0,,,,,0,Meine Mutter bekommt eine schöne Kette zum Geburtstag.,My mother is getting a beautiful necklace for her birthday.,"die Kette, -n	Meine Mutter bekommt eine schöne Kette zum Geburtstag.	My mother is getting a beautiful necklace for her birthday.",verified
die Kirche,noun,A2,die,Kirche,Kirchen,-n,0,0,,,,,0,Diese Kirche ist fast 800 Jahre alt.,This church is almost 800 years old.,"die Kirche, -n	Diese Kirche ist fast 800 Jahre alt.	This church is almost 800 years old.",verified
"klappen, klappt, hat geklappt",other,A2,,"klappen, klappt, hat geklappt",,,0,0,,,,,0,"Können wir uns heute Mittag treffen? – Ja, das klappt.","Can we meet this afternoon? – Yes, that works.","klappen, klappt, hat geklappt	Können wir uns heute Mittag treffen? – Ja, das klappt.	Can we meet this afternoon? – Yes, that works.",
das Klavier,noun,A2,das,Klavier,Klaviere,-e,0,0,,,,,0,Jakob kann sehr gut Klavier spielen.,Jakob can play the piano very well.,"das Klavier, -e	Jakob kann sehr gut Klavier spielen.	Jakob can play the piano very well.",verified
das Kleid,noun,A2,das,Kleid,Kleider,-er,0,0,,,,,0,Julia möchte ein rotes Kleid kaufen.,Julia wants to buy a red dress.,"das Kleid, -er	Julia möchte ein rotes Kleid kaufen.	Julia wants to buy a red dress.",verified
klug,other,A2,,klug,,,0,0,,,,,0,Molly ist ein kluges Mädchen.,Molly is a clever girl.,klug	Molly ist ein kluges Mädchen.	Molly is a clever girl.,
"kochen, kocht, hat gekocht",other,A2,,"kochen, kocht, hat gekocht",,,0,0,,,,,0,Herr Georgi kann gut kochen.,Mr. Georgi can cook well.,"kochen, kocht, hat gekocht	Herr Georgi kann gut kochen.	Mr. Georgi can cook well.",
die Kollegin,noun,A2,die,Kollegin,Kolleginnen,-nen,0,0,,,,,0,Wie heißt die neue Kollegin?,What’s the name of the new female colleague?,"der Kollege, -n / die Kollegin, -nen	Wie heißt die neue Kollegin?	What’s the name of the new female colleague?",verified
komisch,other,A2,,komisch,,,0,0,,,,,0,Der Film war sehr komisch. Wir haben viel gelacht.,The film was very funny. We laughed a lot.,komisch	Der Film war sehr komisch. Wir haben viel gelacht.	The film was very funny. We laughed a lot.,
"kommen, kommt, ist gekommen",other,A2,,"kommen, kommt, ist gekommen",,,0,0,,,,,0,Woher kommen Sie? – Aus Frankreich.,Where are you from? – From France.,"kommen, kommt, ist gekommen	Woher kommen Sie? – Aus Frankreich.	Where are you from? – From France.",
"können, kann, konnte, hat gekonnt",other,A2,,"können, kann, konnte, hat gekonnt",,,0,0,,,,,0,Ich kann Deutsch und Russisch. Aber Englisch kann ich nicht.,I can speak German and Russian. But I can’t speak English.,"können, kann, konnte, hat gekonnt	Ich kann Deutsch und Russisch. Aber Englisch kann ich nicht.	I can speak German and Russian. But I can’t speak English.",
der Kontakt,noun,A2,der,Kontakt,Kontakte,-e,0,0,,,,,0,Ich habe wenig Kontakt zu meinen Kollegen.,I have little contact with my colleagues.,"der Kontakt, -e	Ich habe wenig Kontakt zu meinen Kollegen.	I have little contact with my colleagues.",verified
"kontrollieren, kontrolliert, hat kontrolliert",other,A2,,"kontrollieren, kontrolliert, hat kontrolliert",,,0,0,,,,,0,Können Sie bei meinem Auto bitte das Öl kontrollieren?,Could you please check the oil in my car?,"kontrollieren, kontrolliert, hat kontrolliert	Können Sie bei meinem Auto bitte das Öl kontrollieren?	Could you please check the oil in my car?",
das Konzert,noun,A2,das,Konzert,Konzerte,-e,0,0,,,,,0,Für das Konzert am Sonntag gibt es noch Karten.,There are still tickets available for the concert on Sunday.,"das Konzert, -e	Für das Konzert am Sonntag gibt es noch Karten.	There are still tickets available for the concert on Sunday.",verified
der Körper,noun,A2,der,Körper,Körper,-,0,0,,,,,0,"Der Arzt sagt, ich muss etwas für meinen Körper tun, z. B. schwimmen oder Fahrrad fahren.","The doctor says I need to do something for my body, e.g., swim or ride a bike.","der Körper, -	Der Arzt sagt, ich muss etwas für meinen Körper tun, z. B. schwimmen oder Fahrrad fahren.	The doctor says I need to do something for my body, e.g., swim or ride a bike.",verified
die Kosmetik,noun,A2,die,Kosmetik,,,1,0,,,,,0,Kosmetik können Sie im Erdgeschoss kaufen.,You can buy cosmetics on the ground floor.,die Kosmetik (Sg.)	Kosmetik können Sie im Erdgeschoss kaufen.	You can buy cosmetics on the ground floor.,verified
"kosten, kostet, hat gekostet",other,A2,,"kosten, kostet, hat gekostet",,,0,0,,,,,0,Wie viel kostet das Buch? – 20 Euro.,How much does the book cost? – 20 Euros.,"kosten, kostet, hat gekostet	Wie viel kostet das Buch? – 20 Euro.	How much does the book cost? – 20 Euros.",
kostenlos,other,A2,,kostenlos,,,0,0,,,,,0,Diese Zeitschrift kostet nichts. Sie ist kostenlos.,This magazine is free. It doesn’t cost anything.,kostenlos	Diese Zeitschrift kostet nichts. Sie ist kostenlos.	This magazine is free. It doesn’t cost anything.,
das Krankenhaus,noun,A2,das,Krankenhaus,Krankenhäuser,¨-er,0,0,,,,,0,Meine Tante ist im Krankenhaus.,My aunt is in the hospital.,"das Krankenhaus, ¨-er	Meine Tante ist im Krankenhaus.	My aunt is in the hospital.",verified
die Krankenkasse,noun,A2,die,Krankenkasse,Krankenkassen,-n,0,0,,,,,0,Bei welcher Krankenkasse sind Sie?,Which health insurance are you with?,"die Krankenkasse, -n	Bei welcher Krankenkasse sind Sie?	Which health insurance are you with?",verified
die Krankheit,noun,A2,die,Krankheit,Krankheiten,-en,0,0,,,,,0,Welche Krankheit hat Herr Brandner?,What illness does Mr. Brandner have?,"die Krankheit, -en	Welche Krankheit hat Herr Brandner?	What illness does Mr. Brandner have?",verified
der Kredit,noun,A2,der,Kredit,Kredite,-e,0,0,,,,,0,Ich brauche einen Kredit von der Bank.,I need a loan from the bank.,"der Kredit, -e	Ich brauche einen Kredit von der Bank.	I need a loan from the bank.",verified
die Kreuzung,noun,A2,die,Kreuzung,Kreuzungen,-en,0,0,,,,,0,Fahren Sie an der nächsten Kreuzung rechts.,Turn right at the next intersection.,"die Kreuzung, -en	Fahren Sie an der nächsten Kreuzung rechts.	Turn right at the next intersection.",verified
"kriegen, kriegt, hat gekriegt",other,A2,,"kriegen, kriegt, hat gekriegt",,,0,0,,,,,0,Ich kriege 15 Euro pro Stunde für meinen Job.,I get 15 euros per hour for my job.,"kriegen, kriegt, hat gekriegt	Ich kriege 15 Euro pro Stunde für meinen Job.	I get 15 euros per hour for my job.",
der Krimi,noun,A2,der,Krimi,Krimis,-s,0,0,,,,,0,Miriam liest gern spannende Krimis.,Miriam likes to read thrilling crime novels.,"der Krimi, -s	Miriam liest gern spannende Krimis.	Miriam likes to read thrilling crime novels.",verified
kühl,other,A2,,kühl,,,0,0,,,,,0,Es ist kühl draußen. Zieh dir eine Jacke an.,It’s cool outside. Put on a jacket.,kühl	Es ist kühl draußen. Zieh dir eine Jacke an.	It’s cool outside. Put on a jacket.,
die Kultur,noun,A2,die,Kultur,Kulturen,-en,0,0,,,,,0,Ich finde fremde Länder und Kulturen sehr interessant.,I find foreign countries and cultures very interesting.,"die Kultur, -en	Ich finde fremde Länder und Kulturen sehr interessant.	I find foreign countries and cultures very interesting.",verified
"kümmern (sich), kümmert sich, hat sich gekümmert",other,A2,,"kümmern (sich), kümmert sich, hat sich gekümmert",,,0,0,,,,,0,Sonja kann nicht arbeiten. Sie muss sich um ihre Tochter kümmern.,Sonja can’t work. She has to take care of her daughter.,"kümmern (sich), kümmert sich, hat sich gekümmert	Sonja kann nicht arbeiten. Sie muss sich um ihre Tochter kümmern.	Sonja can’t work. She has to take care of her daughter.",
die Kundin,noun,A2,die,Kundin,Kundinnen,-nen,0,0,,,,,0,"Einen Moment, bitte. Ich habe eine Kundin.","One moment, please. I have a female customer.","der Kunde, -n / die Kundin, -nen	Einen Moment, bitte. Ich habe eine Kundin.	One moment, please. I have a female customer.",verified
"kündigen, kündigt, hat gekündigt",other,A2,,"kündigen, kündigt, hat gekündigt",,,0,0,,,,,0,Meine Arbeit gefällt mir nicht mehr. Ich habe heute gekündigt.,I don’t like my job anymore. I resigned today.,"kündigen, kündigt, hat gekündigt	Meine Arbeit gefällt mir nicht mehr. Ich habe heute gekündigt.	I don’t like my job anymore. I resigned today.",
die Kunst,noun,A2,die,Kunst,Künste,¨-e,0,0,,,,,0,Ich verstehe nichts von moderner Kunst.,I don’t understand modern art.,"die Kunst, ¨-e	Ich verstehe nichts von moderner Kunst.	I don’t understand modern art.",verified
"lachen, lacht, hat gelacht",other,A2,,"lachen, lacht, hat gelacht",,,0,0,,,,,0,Die Kinder lachen über den Witz.,The children laugh at the joke.,"lachen, lacht, hat gelacht	Die Kinder lachen über den Witz.	The children laugh at the joke.",
die Lampe,noun,A2,die,Lampe,Lampen,-n,0,0,,,,,0,Mach bitte die Lampe an. Es ist so dunkel.,Please turn on the lamp. It is so dark.,"die Lampe, -n	Mach bitte die Lampe an. Es ist so dunkel.	Please turn on the lamp. It is so dark.",verified
die Landschaft,noun,A2,die,Landschaft,Landschaften,-en,0,0,,,,,0,Die Landschaft ist sehr schön.,The landscape is very beautiful.,"die Landschaft, -en	Die Landschaft ist sehr schön.	The landscape is very beautiful.",verified
langweilig,other,A2,,langweilig,,,0,0,,,,,0,Mir ist langweilig.,I’m bored.,langweilig	Mir ist langweilig.	I’m bored.,
das Laptop,noun,A2,das,Laptop,Laptops,-s,0,0,,,,,0,Ich brauche einen neuen Laptop.,I need a new laptop.,"der/das Laptop, -s	Ich brauche einen neuen Laptop.	I need a new laptop.",verified
"lassen, lässt, hat gelassen",other,A2,,"lassen, lässt, hat gelassen",,,0,0,,,,,0,Lass mich in Ruhe!,Leave me alone!,"lassen, lässt, hat gelassen	Lass mich in Ruhe!	Leave me alone!",
"laufen, läuft, ist gelaufen",other,A2,,"laufen, läuft, ist gelaufen",,,0,0,,,,,0,Ich gehe jeden Morgen laufen.,I go running every morning.,"laufen, läuft, ist gelaufen	Ich gehe jeden Morgen laufen.	I go running every morning.",
"leben, lebt, hat gelebt",other,A2,,"leben, lebt, hat gelebt",,,0,0,,,,,0,Sie lebt bei ihrer Schwester.,She lives with her sister.,"leben, lebt, hat gelebt	Sie lebt bei ihrer Schwester.	She lives with her sister.",
leer,other,A2,,leer,,,0,0,,,,,0,Die Kanne ist fast leer. Ich mache neuen Tee.,The pot is almost empty. I’ll make new tea.,leer	Die Kanne ist fast leer. Ich mache neuen Tee.	The pot is almost empty. I’ll make new tea.,
"legen, legt, hat gelegt",other,A2,,"legen, legt, hat gelegt",,,0,0,,,,,0,Legen Sie das Buch auf den Tisch.,Place the book on the table.,"legen, legt, hat gelegt	Legen Sie das Buch auf den Tisch.	Place the book on the table.",
"leidtun/leid tun, tut leid, hat leidgetan",other,A2,,"leidtun/leid tun, tut leid, hat leidgetan",,,0,0,,,,,0,"Es tut mir leid, dass ich nicht kommen kann.",I’m sorry that I can’t come.,"leidtun/leid tun, tut leid, hat leidgetan	Es tut mir leid, dass ich nicht kommen kann.	I’m sorry that I can’t come.",
"leihen, leiht, hat geliehen",other,A2,,"leihen, leiht, hat geliehen",,,0,0,,,,,0,Kannst du mir fünf Euro leihen?,Can you lend me five euros?,"leihen, leiht, hat geliehen	Kannst du mir fünf Euro leihen?	Can you lend me five euros?",
"lernen, lernt, hat gelernt",other,A2,,"lernen, lernt, hat gelernt",,,0,0,,,,,0,Wie lange lernen Sie schon Deutsch?,How long have you been learning German?,"lernen, lernt, hat gelernt	Wie lange lernen Sie schon Deutsch?	How long have you been learning German?",
"lesen, liest, hat gelesen",other,A2,,"lesen, liest, hat gelesen",,,0,0,,,,,0,In der Schule lesen wir ein Buch von Goethe.,"At school, we read a book by Goethe.","lesen, liest, hat gelesen	In der Schule lesen wir ein Buch von Goethe.	At school, we read a book by Goethe.",
"lieben, liebt, hat geliebt",other,A2,,"lieben, liebt, hat geliebt",,,0,0,,,,,0,Ich liebe dich!,I love you!,"lieben, liebt, hat geliebt	Ich liebe dich!	I love you!",
"liefern, liefert, hat geliefert",other,A2,,"liefern, liefert, hat geliefert",,,0,0,,,,,0,Wir liefern Ihnen den Schrank nach Hause.,We will deliver the wardrobe to your home.,"liefern, liefert, hat geliefert	Wir liefern Ihnen den Schrank nach Hause.	We will deliver the wardrobe to your home.",
"liegen, liegt, hat/ist gelegen",other,A2,,"liegen, liegt, hat/ist gelegen",,,0,0,,,,,0,Die Zeitung liegt auf dem Tisch.,The newspaper is on the table.,"liegen, liegt, hat/ist gelegen	Die Zeitung liegt auf dem Tisch.	The newspaper is on the table.",
der Link,noun,A2,der,Link,Links,-s,0,0,,,,,0,Ich schicke dir einen Link zu Deutschübungen.,I’ll send you a link to German exercises.,"der Link, -s	Ich schicke dir einen Link zu Deutschübungen.	I’ll send you a link to German exercises.",verified
der Löffel,noun,A2,der,Löffel,Löffel,-,0,0,,,,,0,Bitte bringen Sie mir einen Löffel.,Please bring me a spoon.,"der Löffel, -	Bitte bringen Sie mir einen Löffel.	Please bring me a spoon.",verified
die Lüge,noun,A2,die,Lüge,Lügen,-n,0,0,,,,,0,Das stimmt nicht! Das ist eine Lüge!,That’s not true! That’s a lie!,"die Lüge, -n	Das stimmt nicht! Das ist eine Lüge!	That’s not true! That’s a lie!",verified
"lügen, lügt, hat gelogen",other,A2,,"lügen, lügt, hat gelogen",,,0,0,,,,,0,Du sollst nicht lügen.,You shouldn’t lie.,"lügen, lügt, hat gelogen	Du sollst nicht lügen.	You shouldn’t lie.",
die Lust,noun,A2,die,Lust,,,1,0,,,,,0,"Gehen wir heute Abend ins Kino? - Nein, ich habe keine Lust.","Shall we go to the cinema this evening? - No, I don’t feel like it.","die Lust (Sg.)	Gehen wir heute Abend ins Kino? - Nein, ich habe keine Lust.	Shall we go to the cinema this evening? - No, I don’t feel like it.",verified
"machen, macht, hat gemacht",other,A2,,"machen, macht, hat gemacht",,,0,0,,,,,0,Was machst du heute Abend?,What are you doing this evening?,"machen, macht, hat gemacht	Was machst du heute Abend?	What are you doing this evening?",
der Magen,noun,A2,der,Magen,Mägen,¨-,0,0,,,,,0,Mein Magen tut weh.,My stomach hurts.,"der Magen, ¨-	Mein Magen tut weh.	My stomach hurts.",verified
die Mailbox,noun,A2,die,Mailbox,Mailboxen,-en,0,0,,,,,0,Hier ist die Mailbox von Susanne König.,Here is Susanne König’s voicemail.,"die Mailbox, -en	Hier ist die Mailbox von Susanne König.	Here is Susanne König’s voicemail.",verified
mal,other,A2,,mal,,,0,0,,,,,0,"Sag mal, wie gefällt dir mein neues Kleid?","Tell me, how do you like my new dress?","mal / das Mal	Sag mal, wie gefällt dir mein neues Kleid?	Tell me, how do you like my new dress?",
das Mal,noun,A2,das,Mal,Male,wiktionary,0,0,,,,,0,"Sag mal, wie gefällt dir mein neues Kleid?","Tell me, how do you like my new dress?","mal / das Mal	Sag mal, wie gefällt dir mein neues Kleid?	Tell me, how do you like my new dress?",verified
"malen, malt, hat gemalt",other,A2,,"malen, malt, hat gemalt",,,0,0,,,,,0,Mein Sohn kann gut malen.,My son can paint well.,"malen, malt, hat gemalt	Mein Sohn kann gut malen.	My son can paint well.",
manch-,other,A2,,manch-,,,0,0,,,,,0,Manche Nachbarn sind unfreundlich.,Some neighbors are unfriendly.,manch-	Manche Nachbarn sind unfreundlich.	Some neighbors are unfriendly.,
manchmal,other,A2,,manchmal,,,0,0,,,,,0,Manchmal essen wir im Restaurant.,Sometimes we eat at the restaurant.,manchmal	Manchmal essen wir im Restaurant.	Sometimes we eat at the restaurant.,
die Mannschaft,noun,A2,die,Mannschaft,Mannschaften,-en,0,0,,,,,0,Meine Lieblingsmannschaft hat 1:0 verloren.,My favorite team lost 1-0.,"die Mannschaft, -en	Meine Lieblingsmannschaft hat 1:0 verloren.	My favorite team lost 1-0.",verified
der Mantel,noun,A2,der,Mantel,Mäntel,¨-,0,0,,,,,0,Es ist kalt. Zieh deinen Mantel an!,It’s cold. Put on your coat!,"der Mantel, ¨-	Es ist kalt. Zieh deinen Mantel an!	It’s cold. Put on your coat!",verified
der Markt,noun,A2,der,Markt,Märkte,¨-e,0,0,,,,,0,Ich gehe heute auf den Markt.,I’m going to the market today.,"der Markt, ¨-e	Ich gehe heute auf den Markt.	I’m going to the market today.",verified
das Medikament,noun,A2,das,Medikament,Medikamente,-e,0,0,,,,,0,Nehmen Sie dieses Medikament dreimal pro Tag!,Take this medication three times a day!,"das Medikament, -e	Nehmen Sie dieses Medikament dreimal pro Tag!	Take this medication three times a day!",verified
"meinen, meint, hat gemeint",other,A2,,"meinen, meint, hat gemeint",,,0,0,,,,,0,Wie meinst du das? Erklär mir das bitte genauer!,What do you mean? Please explain it to me in more detail!,"meinen, meint, hat gemeint	Wie meinst du das? Erklär mir das bitte genauer!	What do you mean? Please explain it to me in more detail!",
die Meinung,noun,A2,die,Meinung,Meinungen,-en,0,0,,,,,0,Meine Meinung zu dem Thema ist: …,My opinion on the topic is: …,"die Meinung, -en	Meine Meinung zu dem Thema ist: …	My opinion on the topic is: …",verified
meistens,other,A2,,meistens,,,0,0,,,,,0,Meistens trinke ich zum Frühstück nur einen Kaffee.,I usually just drink a coffee for breakfast.,meistens	Meistens trinke ich zum Frühstück nur einen Kaffee.	I usually just drink a coffee for breakfast.,
die Menge,noun,A2,die,Menge,Mengen,-n,0,0,,,,,0,Wir haben noch eine Menge Zeit.,We still have plenty of time.,"die Menge, -n	Wir haben noch eine Menge Zeit.	We still have plenty of time.",verified
"merken, merkt, hat gemerkt",other,A2,,"merken, merkt, hat gemerkt",,,0,0,,,,,0,Ich kann mir keine Zahlen merken. Ich vergesse sie sofort.,I can’t remember numbers. I forget them immediately.,"merken, merkt, hat gemerkt	Ich kann mir keine Zahlen merken. Ich vergesse sie sofort.	I can’t remember numbers. I forget them immediately.",
die Messe,noun,A2,die,Messe,Messen,-n,0,0,,,,,0,Kommst du mit zur Buchmesse nach Frankfurt?,Will you come with me to the book fair in Frankfurt?,"die Messe, -n	Kommst du mit zur Buchmesse nach Frankfurt?	Will you come with me to the book fair in Frankfurt?",verified
das Messer,noun,A2,das,Messer,Messer,-,0,0,,,,,0,Das Messer schneidet nicht gut.,The knife doesn’t cut well.,"das Messer, -	Das Messer schneidet nicht gut.	The knife doesn’t cut well.",verified
"mieten, mietet, hat gemietet",other,A2,,"mieten, mietet, hat gemietet",,,0,0,,,,,0,Ich möchte ein Auto mieten.,I would like to rent a car.,"mieten, mietet, hat gemietet	Ich möchte ein Auto mieten.	I would like to rent a car.",
mindestens,other,A2,,mindestens,,,0,0,,,,,0,Bitte kommen Sie mindestens zwei Stunden vor Ihrem Flug zum Flughafen.,Please come to the airport at least two hours before your flight.,mindestens	Bitte kommen Sie mindestens zwei Stunden vor Ihrem Flug zum Flughafen.	Please come to the airport at least two hours before your flight.,
das Mineralwasser,noun,A2,das,Mineralwasser,,,1,0,,,,,0,"Ein Glas Mineralwasser, bitte.","A glass of mineral water, please.","das Mineralwasser (Sg.)	Ein Glas Mineralwasser, bitte.	A glass of mineral water, please.",verified
mit (+ mitbringen/-kommen/-machen/-nehmen/-spielen),other,A2,,mit (+ mitbringen/-kommen/-machen/-nehmen/-spielen),,,0,0,,,,,0,Trinken Sie den Kaffee mit oder ohne Zucker?,Do you take your coffee with or without sugar?,mit (+ mitbringen/-kommen/-machen/-nehmen/-spielen)	Trinken Sie den Kaffee mit oder ohne Zucker?	Do you take your coffee with or without sugar?,
der Mitarbeiter,noun,A2,der,Mitarbeiter,Mitarbeiter,-,0,0,,,,,0,Unsere Firma hat sieben Mitarbeiter.,Our company has seven employees.,"der Mitarbeiter, -	Unsere Firma hat sieben Mitarbeiter.	Our company has seven employees.",verified
das Mittagessen,noun,A2,das,Mittagessen,Mittagessen,-,0,0,,,,,0,Um zwölf Uhr gibt es Mittagessen.,Lunch is at twelve o’clock.,"das Mittagessen, -	Um zwölf Uhr gibt es Mittagessen.	Lunch is at twelve o’clock.",verified
das Mittel,noun,A2,das,Mittel,Mittel,-,0,0,,,,,0,Haben Sie ein Mittel gegen Magenschmerzen?,Do you have something for stomach aches?,"das Mittel, -	Haben Sie ein Mittel gegen Magenschmerzen?	Do you have something for stomach aches?",verified
das Mobiltelefon,noun,A2,das,Mobiltelefon,Mobiltelefone,-e,0,0,,,,,0,Wie kann ich Sie erreichen? Haben Sie ein Mobiltelefon?,How can I reach you? Do you have a mobile phone?,"das Mobiltelefon, -e	Wie kann ich Sie erreichen? Haben Sie ein Mobiltelefon?	How can I reach you? Do you have a mobile phone?",verified
"möchten, möchte, hat gemocht",other,A2,,"möchten, möchte, hat gemocht",,,0,0,,,,,0,Was möchten Sie trinken?,What would you like to drink?,"möchten, möchte, hat gemocht	Was möchten Sie trinken?	What would you like to drink?",
die Mode,noun,A2,die,Mode,Moden,-n,0,0,,,,,0,Wie findest du die neue Mode?,What do you think of the new fashion?,"die Mode, -n	Wie findest du die neue Mode?	What do you think of the new fashion?",verified
modern,verb,A2,,modern,,,0,0,,,,,0,Das Stadtzentrum von Frankfurt ist sehr modern.,The city center of Frankfurt is very modern.,modern	Das Stadtzentrum von Frankfurt ist sehr modern.	The city center of Frankfurt is very modern.,
"mögen, mag, hat gemocht",other,A2,,"mögen, mag, hat gemocht",,,0,0,,,,,0,"Magst du Schokolade? - Nein, ich mag keine Süßigkeiten.","Do you like chocolate? - No, I don’t like sweets.","mögen, mag, hat gemocht	Magst du Schokolade? - Nein, ich mag keine Süßigkeiten.	Do you like chocolate? - No, I don’t like sweets.",
der Motor,noun,A2,der,Motor,Motoren,-en,0,0,,,,,0,Der Motor ist kaputt. Das Auto fährt nicht mehr.,The engine is broken. The car doesn’t run anymore.,"der Motor, -en	Der Motor ist kaputt. Das Auto fährt nicht mehr.	The engine is broken. The car doesn’t run anymore.",verified
der Motorroller,noun,A2,der,Motorroller,Motorroller,-,0,0,,,,,0,Oskar fährt mit dem Motorroller zur Arbeit.,Oskar goes to work on his scooter.,"der Motorroller, -	Oskar fährt mit dem Motorroller zur Arbeit.	Oskar goes to work on his scooter.",verified
der Müll,noun,A2,der,Müll,,,1,0,,,,,0,Bringst du bitte den Müll raus?,Can you please take out the trash?,der Müll (Sg.)	Bringst du bitte den Müll raus?	Can you please take out the trash?,verified
das Museum,noun,A2,das,Museum,Museen,wiktionary,0,0,,,,,0,Im Kunstmuseum gibt es eine neue Ausstellung.,There is a new exhibition at the art museum.,"das Museum, -een	Im Kunstmuseum gibt es eine neue Ausstellung.	There is a new exhibition at the art museum.",verified
die Musik,noun,A2,die,Musik,,,1,0,,,,,0,Wie findest du die Musik?,How do you find the music?,die Musik (Sg.)	Wie findest du die Musik?	How do you find the music?,verified
"müssen, muss, musste",other,A2,,"müssen, muss, musste",,,0,0,,,,,0,Ich muss jeden Tag von 8 Uhr bis 18 Uhr arbeiten.,I have to work every day from 8 am to 6 pm.,"müssen, muss, musste	Ich muss jeden Tag von 8 Uhr bis 18 Uhr arbeiten.	I have to work every day from 8 am to 6 pm.",
die Mütze,noun,A2,die,Mütze,Mützen,-n,0,0,,,,,0,Haben Sie rote Mützen?,Do you have red hats?,"die Mütze, -n	Haben Sie rote Mützen?	Do you have red hats?",verified
der Nachbar,noun,A2,der,Nachbar,Nachbarn,-n,0,0,,,,,0,Mein Nachbar kommt aus Brasilien und meine Nachbarin ist Italienerin.,My neighbor comes from Brazil and my neighbor’s wife is Italian.,"der Nachbar, -n	Mein Nachbar kommt aus Brasilien und meine Nachbarin ist Italienerin.	My neighbor comes from Brazil and my neighbor’s wife is Italian.",verified
die Nachricht,noun,A2,die,Nachricht,Nachrichten,-en,0,0,,,,,0,Ich sehe abends immer die Nachrichten im Fernsehen.,I always watch the news on TV in the evening.,"die Nachricht, -en	Ich sehe abends immer die Nachrichten im Fernsehen.	I always watch the news on TV in the evening.",verified
"nächste, -er, -es",other,A2,,"nächste, -er, -es",,,0,0,,,,,0,Sehen wir uns nächste Woche?,Shall we see each other next week?,"nächste, -er, -es	Sehen wir uns nächste Woche?	Shall we see each other next week?",
die Nähe,noun,A2,die,Nähe,,,1,0,,,,,0,Die Post ist in der Nähe vom Bahnhof.,The post office is near the train station.,die Nähe (Sg.)	Die Post ist in der Nähe vom Bahnhof.	The post office is near the train station.,verified
nass,other,A2,,nass,,,0,0,,,,,0,Geh nicht mit den nassen Schuhen ins Wohnzimmer!,Don’t go into the living room with wet shoes!,nass	Geh nicht mit den nassen Schuhen ins Wohnzimmer!	Don’t go into the living room with wet shoes!,
die Natur,noun,A2,die,Natur,,,1,0,,,,,0,Ich bin gern draußen in der Natur.,I like being outside in nature.,die Natur (Sg.)	Ich bin gern draußen in der Natur.	I like being outside in nature.,verified
natürlich,other,A2,,natürlich,,,0,0,,,,,0,Natürlich helfen wir dir.,"Of course, we’ll help you.","natürlich	Natürlich helfen wir dir.	Of course, we’ll help you.",
neben,preposition,A2,,neben,,,0,0,wechsel,,,,0,Neben mir ist noch ein Platz frei.,There’s still a seat free next to me.,neben	Neben mir ist noch ein Platz frei.	There’s still a seat free next to me.,
nebenan,other,A2,,nebenan,,,0,0,,,,,0,Das ist José. Er wohnt nebenan.,This is José. He lives next door.,nebenan	Das ist José. Er wohnt nebenan.	This is José. He lives next door.,
neblig,other,A2,,neblig,,,0,0,,,,,0,Fahr vorsichtig! Es ist neblig.,Drive carefully! It’s foggy.,neblig	Fahr vorsichtig! Es ist neblig.	Drive carefully! It’s foggy.,
"nehmen, nimmt, hat genommen",other,A2,,"nehmen, nimmt, hat genommen",,,0,0,,,,,0,Nehmen Sie die Tabletten vor dem Essen!,Take the tablets before eating!,"nehmen, nimmt, hat genommen	Nehmen Sie die Tabletten vor dem Essen!	Take the tablets before eating!",
"nennen, nennt, hat genannt",other,A2,,"nennen, nennt, hat genannt",,,0,0,,,,,0,"Mein Freund heißt Alexander, aber alle nennen ihn Alex.","My friend’s name is Alexander, but everyone calls him Alex.","nennen, nennt, hat genannt	Mein Freund heißt Alexander, aber alle nennen ihn Alex.	My friend’s name is Alexander, but everyone calls him Alex.",
nervös,other,A2,,nervös,,,0,0,,,,,0,Bei Prüfungen bin ich immer sehr nervös.,I’m always very nervous during exams.,nervös	Bei Prüfungen bin ich immer sehr nervös.	I’m always very nervous during exams.,
nett,other,A2,,nett,,,0,0,,,,,0,Ich habe viele nette Kollegen.,I have many nice colleagues.,nett	Ich habe viele nette Kollegen.	I have many nice colleagues.,
niemand,other,A2,,niemand,,,0,0,,,,,0,Hier ist niemand.,There is no one here.,niemand	Hier ist niemand.	There is no one here.,
nirgends,other,A2,,nirgends,,,0,0,,,,,0,Hier kann man nirgends parken.,You can’t park anywhere here.,nirgends	Hier kann man nirgends parken.	You can’t park anywhere here.,
die Note,noun,A2,die,Note,Noten,-n,0,0,,,,,0,Eva hat immer sehr gute Noten in Deutsch.,Eva always gets very good grades in German.,"die Note, -n	Eva hat immer sehr gute Noten in Deutsch.	Eva always gets very good grades in German.",verified
"notieren, notiert, hat notiert",other,A2,,"notieren, notiert, hat notiert",,,0,0,,,,,0,Notieren Sie bitte alle wichtigen Informationen.,Please note down all the important information.,"notieren, notiert, hat notiert	Notieren Sie bitte alle wichtigen Informationen.	Please note down all the important information.",
die Notiz,noun,A2,die,Notiz,Notizen,-en,0,0,,,,,0,Schreib mir bitte eine Notiz.,Please write me a note.,"die Notiz, -en	Schreib mir bitte eine Notiz.	Please write me a note.",verified
notwendig,other,A2,,notwendig,,,0,0,,,,,0,"Muss ich noch einmal kommen? – Nein, das ist nicht notwendig.","Do I need to come again? – No, that’s not necessary.","notwendig	Muss ich noch einmal kommen? – Nein, das ist nicht notwendig.	Do I need to come again? – No, that’s not necessary.",
die Nudel,noun,A2,die,Nudel,Nudeln,-n,0,0,,,,,0,"Möchten Sie lieber Reis oder Nudeln? – Lieber Nudeln, bitte.","Would you prefer rice or noodles? – Noodles, please.","die Nudel, -n	Möchten Sie lieber Reis oder Nudeln? – Lieber Nudeln, bitte.	Would you prefer rice or noodles? – Noodles, please.",verified
nützlich,other,A2,,nützlich,,,0,0,,,,,0,Danke für den Tipp. Er war sehr nützlich.,Thank you for the tip. It was very useful.,nützlich	Danke für den Tipp. Er war sehr nützlich.	Thank you for the tip. It was very useful.,
offen,verb,A2,,offen,,,0,0,,,,,0,Ist das Fenster im Bad noch offen?,Is the window in the bathroom still open?,offen	Ist das Fenster im Bad noch offen?	Is the window in the bathroom still open?,
"öffnen, öffnet, hat geöffnet",other,A2,,"öffnen, öffnet, hat geöffnet",,,0,0,,,,,0,Ich öffne die Tür.,I open the door.,"öffnen, öffnet, hat geöffnet	Ich öffne die Tür.	I open the door.",
das Ohr,noun,A2,das,Ohr,Ohren,-en,0,0,,,,,0,Ich habe Ohrenschmerzen.,I have an earache.,"das Ohr, -en	Ich habe Ohrenschmerzen.	I have an earache.",verified
das Öl,noun,A2,das,Öl,Öle,-e,0,0,,,,,0,Machen wir den Salat mit Öl?,Shall we make the salad with oil?,"das Öl, -e	Machen wir den Salat mit Öl?	Shall we make the salad with oil?",verified
online,other,A2,,online,,,0,0,,,,,0,Wann bist du wieder online?,When will you be online again?,online	Wann bist du wieder online?	When will you be online again?,
die Orange,noun,A2,die,Orange,Orangen,-n,0,0,,,,,0,Ich esse gern Orangen.,I like eating oranges.,"die Orange, -n	Ich esse gern Orangen.	I like eating oranges.",verified
"organisieren, organisiert, hat organisiert",other,A2,,"organisieren, organisiert, hat organisiert",,,0,0,,,,,0,Frau Gomez organisiert unseren Ausflug.,Ms. Gomez is organizing our trip.,"organisieren, organisiert, hat organisiert	Frau Gomez organisiert unseren Ausflug.	Ms. Gomez is organizing our trip.",
das Paar,noun,A2,das,Paar,Paare,-e,0,0,,,,,0,Romeo und Julia sind ein Paar.,Romeo and Juliet are a couple.,"das Paar, -e	Romeo und Julia sind ein Paar.	Romeo and Juliet are a couple.",verified
ein paar,other,A2,,ein paar,,,0,0,,,,,0,Wir fahren ein paar Tage ans Meer.,We’re going to the sea for a few days.,ein paar	Wir fahren ein paar Tage ans Meer.	We’re going to the sea for a few days.,
"packen, packt, hat gepackt",other,A2,,"packen, packt, hat gepackt",,,0,0,,,,,0,Ich muss noch meinen Koffer packen.,I still need to pack my suitcase.,"packen, packt, hat gepackt	Ich muss noch meinen Koffer packen.	I still need to pack my suitcase.",
das Paket,noun,A2,das,Paket,Pakete,-e,0,0,,,,,0,Bringst du bitte das Paket zur Post?,Could you please take the package to the post office?,"das Paket, -e	Bringst du bitte das Paket zur Post?	Could you please take the package to the post office?",verified
das Parfüm,noun,A2,das,Parfüm,Parfüms,-s,0,0,,,,,0,Ich suche ein Parfum als Geschenk für meine Frau.,I’m looking for a perfume as a gift for my wife.,"das Parfüm, -s	Ich suche ein Parfum als Geschenk für meine Frau.	I’m looking for a perfume as a gift for my wife.",verified
der Park,noun,A2,der,Park,Parks,-s,0,0,,,,,0,Ich gehe gern im Park spazieren.,I like to walk in the park.,"der Park, -s	Ich gehe gern im Park spazieren.	I like to walk in the park.",verified
"parken, parkt, hat geparkt",other,A2,,"parken, parkt, hat geparkt",,,0,0,,,,,0,Darf ich hier parken?,May I park here?,"parken, parkt, hat geparkt	Darf ich hier parken?	May I park here?",
"passen, passt, hat gepasst",other,A2,,"passen, passt, hat gepasst",,,0,0,,,,,0,Die Bluse passt mir nicht.,The blouse doesn’t fit me.,"passen, passt, hat gepasst	Die Bluse passt mir nicht.	The blouse doesn’t fit me.",
"passieren, passiert, ist passiert",other,A2,,"passieren, passiert, ist passiert",,,0,0,,,,,0,Wie ist der Unfall passiert?,How did the accident happen?,"passieren, passiert, ist passiert	Wie ist der Unfall passiert?	How did the accident happen?",
das Passwort,noun,A2,das,Passwort,Passwörter,¨-er,0,0,,,,,0,Bitte schreiben Sie Ihr Passwort.,Please write your password.,"das Passwort, ¨-er	Bitte schreiben Sie Ihr Passwort.	Please write your password.",verified
die Person,noun,A2,die,Person,Personen,-en,0,0,,,,,0,Eintritt pro Person: 5 Euro.,Admission per person: 5 euros.,"die Person, -en	Eintritt pro Person: 5 Euro.	Admission per person: 5 euros.",verified
das Pferd,noun,A2,das,Pferd,Pferde,-e,0,0,,,,,0,Amira liebt Pferde. Sie reitet seit zehn Jahren.,Amira loves horses. She has been riding for ten years.,"das Pferd, -e	Amira liebt Pferde. Sie reitet seit zehn Jahren.	Amira loves horses. She has been riding for ten years.",verified
die Pflanze,noun,A2,die,Pflanze,Pflanzen,-n,0,0,,,,,0,Können Sie sich bitte um unsere Pflanzen kümmern? Wir sind nächste Woche im Urlaub.,Could you please take care of our plants? We’re on vacation next week.,"die Pflanze, -n	Können Sie sich bitte um unsere Pflanzen kümmern? Wir sind nächste Woche im Urlaub.	Could you please take care of our plants? We’re on vacation next week.",verified
die Pizza,noun,A2,die,Pizza,Pizzas,-s/-en,0,0,,,,,0,Mein Lieblingsessen ist Pizza.,My favorite food is pizza.,"die Pizza, -s/-en	Mein Lieblingsessen ist Pizza.	My favorite food is pizza.",verified
das Plakat,noun,A2,das,Plakat,Plakate,-e,0,0,,,,,0,Wir machen im Unterricht ein Plakat zum Thema „Essen und Trinken“.,We’re making a poster on the topic “Food and Drink” in class.,"das Plakat, -e	Wir machen im Unterricht ein Plakat zum Thema „Essen und Trinken“.	We’re making a poster on the topic “Food and Drink” in class.",verified
"planen, plant, hat geplant",other,A2,,"planen, plant, hat geplant",,,0,0,,,,,0,Wir sollen zusammen eine Klassenparty planen.,We should plan a class party together.,"planen, plant, hat geplant	Wir sollen zusammen eine Klassenparty planen.	We should plan a class party together.",
plötzlich,other,A2,,plötzlich,,,0,0,,,,,0,Plötzlich war das Licht aus.,"Suddenly, the light was out.","plötzlich	Plötzlich war das Licht aus.	Suddenly, the light was out.",
die Portion,noun,A2,die,Portion,Portionen,-en,0,0,,,,,0,Ich nehme eine kleine Portion Eis.,I’ll have a small portion of ice cream.,"die Portion, -en	Ich nehme eine kleine Portion Eis.	I’ll have a small portion of ice cream.",verified
das Poster,noun,A2,das,Poster,Poster,-,0,0,,,,,0,Das Poster hängt über dem Bett.,The poster is hanging above the bed.,"das Poster, -	Das Poster hängt über dem Bett.	The poster is hanging above the bed.",verified
die Postkarte,noun,A2,die,Postkarte,Postkarten,-n,0,0,,,,,0,Schreibst du mir eine Postkarte aus Kanada?,Will you write me a postcard from Canada?,"die Postkarte, -n	Schreibst du mir eine Postkarte aus Kanada?	Will you write me a postcard from Canada?",verified
praktisch,other,A2,,praktisch,,,0,0,,,,,0,Mit meinem neuen Handy kann ich auch im Internet surfen und Fotos machen. Das finde ich sehr praktisch.,My new phone lets me surf the internet and take photos. I find it very practical.,praktisch	Mit meinem neuen Handy kann ich auch im Internet surfen und Fotos machen. Das finde ich sehr praktisch.	My new phone lets me surf the internet and take photos. I find it very practical.,
preiswert,other,A2,,preiswert,,,0,0,,,,,0,Die Jacke ist sehr preiswert. Sie kostet nur 15 Euro.,The jacket is very inexpensive. It costs only 15 euros.,preiswert	Die Jacke ist sehr preiswert. Sie kostet nur 15 Euro.	The jacket is very inexpensive. It costs only 15 euros.,
privat,other,A2,,privat,,,0,0,,,,,0,Das ist meine Nummer im Büro und das ist meine private Handynummer.,This is my office number and this is my private cell phone number.,privat	Das ist meine Nummer im Büro und das ist meine private Handynummer.	This is my office number and this is my private cell phone number.,
pro,other,A2,,pro,,,0,0,,,,,0,Das Zimmer kostet 100 Euro pro Nacht.,The room costs 100 euros per night.,pro	Das Zimmer kostet 100 Euro pro Nacht.	The room costs 100 euros per night.,
"probieren, probiert, hat probiert",other,A2,,"probieren, probiert, hat probiert",,,0,0,,,,,0,Möchten Sie den Käse probieren?,Would you like to try the cheese?,"probieren, probiert, hat probiert	Möchten Sie den Käse probieren?	Would you like to try the cheese?",
das Produkt,noun,A2,das,Produkt,Produkte,-e,0,0,,,,,0,Unsere Produkte haben eine sehr hohe Qualität.,Our products have very high quality.,"das Produkt, -e	Unsere Produkte haben eine sehr hohe Qualität.	Our products have very high quality.",verified
das Programm,noun,A2,das,Programm,Programme,-e,0,0,,,,,0,Dieses Programm im Radio interessiert mich nicht.,This program on the radio doesn’t interest me.,"das Programm, -e	Dieses Programm im Radio interessiert mich nicht.	This program on the radio doesn’t interest me.",verified
das Projekt,noun,A2,das,Projekt,Projekte,-e,0,0,,,,,0,Wir machen ein Projekt über Sehenswürdigkeiten in unserer Stadt.,We are working on a project about landmarks in our city.,"das Projekt, -e	Wir machen ein Projekt über Sehenswürdigkeiten in unserer Stadt.	We are working on a project about landmarks in our city.",verified
"prüfen, prüft, hat geprüft",other,A2,,"prüfen, prüft, hat geprüft",,,0,0,,,,,0,Bitte prüfen Sie die Rechnung sofort.,Please check the invoice immediately.,"prüfen, prüft, hat geprüft	Bitte prüfen Sie die Rechnung sofort.	Please check the invoice immediately.",
der Pullover,noun,A2,der,Pullover,Pullover,-,0,0,,,,,0,Ich muss mir einen Pullover kaufen.,I need to buy a sweater.,"der Pullover, -	Ich muss mir einen Pullover kaufen.	I need to buy a sweater.",verified
"putzen, putzt, hat geputzt",other,A2,,"putzen, putzt, hat geputzt",,,0,0,,,,,0,Ich muss heute noch das Bad putzen.,I need to clean the bathroom today.,"putzen, putzt, hat geputzt	Ich muss heute noch das Bad putzen.	I need to clean the bathroom today.",
die Qualität,noun,A2,die,Qualität,Qualitäten,-en,0,0,,,,,0,Dieser Fernseher hat eine gute Qualität.,This television has good quality.,"die Qualität, -en	Dieser Fernseher hat eine gute Qualität.	This television has good quality.",verified
das Quiz,noun,A2,das,Quiz,,,1,0,,,,,0,Er schaut gern Quizsendungen an.,He likes watching quiz shows.,das Quiz (Sg.)	Er schaut gern Quizsendungen an.	He likes watching quiz shows.,verified
das Radio,noun,A2,das,Radio,Radios,-s,0,0,,,,,0,Ich höre im Auto gern Radio.,I like to listen to the radio in the car.,"das Radio, -s	Ich höre im Auto gern Radio.	I like to listen to the radio in the car.",verified
"raten, rät",other,A2,,"raten, rät",,,0,0,,,,,0,"Ich weiß nicht, welches Handy ich kaufen soll. Was raten Sie mir?",I don't know which phone to buy. What do you recommend?,"raten, rät	Ich weiß nicht, welches Handy ich kaufen soll. Was raten Sie mir?	I don't know which phone to buy. What do you recommend?",
das Rathaus,noun,A2,das,Rathaus,Rathäuser,¨-er,0,0,,,,,0,Das Formular bekommen Sie im Rathaus.,You can get the form at the town hall.,"das Rathaus, ¨-er	Das Formular bekommen Sie im Rathaus.	You can get the form at the town hall.",verified
das Rätsel,noun,A2,das,Rätsel,Rätsel,-,0,0,,,,,0,Das Rätsel ist schwierig! Ich weiß die Antwort nicht.,The puzzle is difficult! I don't know the answer.,"das Rätsel, -	Das Rätsel ist schwierig! Ich weiß die Antwort nicht.	The puzzle is difficult! I don't know the answer.",verified
"rauchen, raucht",other,A2,,"rauchen, raucht",,,0,0,,,,,0,"Stört es Sie, wenn ich rauche?",Is it bothering you if I smoke?,"rauchen, raucht	Stört es Sie, wenn ich rauche?	Is it bothering you if I smoke?",
"rechnen, rechnet",other,A2,,"rechnen, rechnet",,,0,0,,,,,0,Sarah kann gut rechnen.,Sarah can do math well.,"rechnen, rechnet	Sarah kann gut rechnen.	Sarah can do math well.",
recht haben,other,A2,,recht haben,,,0,0,,,,,0,Du hast (nicht) recht.,You are (not) right.,recht haben	Du hast (nicht) recht.	You are (not) right.,
"reden, redet",other,A2,,"reden, redet",,,0,0,,,,,0,Mit meiner Freundin kann ich über alles reden.,I can talk about everything with my friend.,"reden, redet	Mit meiner Freundin kann ich über alles reden.	I can talk about everything with my friend.",
"regnen, regnet",other,A2,,"regnen, regnet",,,0,0,,,,,0,"Wenn es regnet, bleiben wir zu Hause.","If it rains, we'll stay home.","regnen, regnet	Wenn es regnet, bleiben wir zu Hause.	If it rains, we'll stay home.",
reich,other,A2,,reich,,,0,0,,,,,0,Lotte ist reich. Sie hat sehr viel Geld.,Lotte is rich. She has a lot of money.,reich	Lotte ist reich. Sie hat sehr viel Geld.	Lotte is rich. She has a lot of money.,
der Reifen,noun,A2,der,Reifen,Reifen,-,0,0,,,,,0,Ich brauche neue Reifen für mein Auto.,I need new tires for my car.,"der Reifen, -	Ich brauche neue Reifen für mein Auto.	I need new tires for my car.",verified
die Reihe,noun,A2,die,Reihe,Reihen,-n,0,0,,,,,0,Ich habe Karten für das Konzert. Wir sitzen in der dritten Reihe.,I have tickets for the concert. We are sitting in the third row.,"die Reihe, -n	Ich habe Karten für das Konzert. Wir sitzen in der dritten Reihe.	I have tickets for the concert. We are sitting in the third row.",verified
die Reinigung,noun,A2,die,Reinigung,Reinigungen,-en,0,0,,,,,0,Bringst du bitte die Bluse in die Reinigung? Man darf sie nicht in der Waschmaschine waschen.,Can you please take the blouse to the dry cleaner? You can't wash it in the washing machine.,"die Reinigung, -en	Bringst du bitte die Bluse in die Reinigung? Man darf sie nicht in der Waschmaschine waschen.	Can you please take the blouse to the dry cleaner? You can't wash it in the washing machine.",verified
"reisen, reist",other,A2,,"reisen, reist",,,0,0,,,,,0,Ich reise gern.,I like to travel.,"reisen, reist	Ich reise gern.	I like to travel.",
"reiten, reitet",other,A2,,"reiten, reitet",,,0,0,,,,,0,Möchtest du reiten lernen?,Do you want to learn to ride?,"reiten, reitet	Möchtest du reiten lernen?	Do you want to learn to ride?",
renovieren,verb,A2,,renovieren,,,0,0,,,,,0,Wir renovieren das ganze Haus.,We are renovating the whole house.,renovieren	Wir renovieren das ganze Haus.	We are renovating the whole house.,
der Rentner,noun,A2,der,Rentner,Rentner,-,0,0,,,,,0,Mein Onkel arbeitet nicht mehr. Er ist Rentner.,My uncle doesn't work anymore. He is retired.,"der Rentner, - / die Rentnerin, -nen	Mein Onkel arbeitet nicht mehr. Er ist Rentner.	My uncle doesn't work anymore. He is retired.",verified
die Rentnerin,noun,A2,die,Rentnerin,Rentnerinnen,-nen,0,0,,,,,0,Mein Onkel arbeitet nicht mehr. Er ist Rentner.,My uncle doesn't work anymore. He is retired.,"der Rentner, - / die Rentnerin, -nen	Mein Onkel arbeitet nicht mehr. Er ist Rentner.	My uncle doesn't work anymore. He is retired.",verified
reservieren,verb,A2,,reservieren,,,0,0,,,,,0,Reservieren Sie bitte ein Doppelzimmer.,Please reserve a double room.,reservieren	Reservieren Sie bitte ein Doppelzimmer.	Please reserve a double room.,
der Rest,noun,A2,der,Rest,Reste,-e,0,0,,,,,0,Hier sind 50 Euro. Den Rest gebe ich dir später.,Here are 50 euros. I'll give you the rest later.,"der Rest, -e	Hier sind 50 Euro. Den Rest gebe ich dir später.	Here are 50 euros. I'll give you the rest later.",verified
das Rezept,noun,A2,das,Rezept,Rezepte,-e,0,0,,,,,0,Dieser Kuchen schmeckt super! Kannst du mir bitte das Rezept geben?,This cake tastes great! Can you please give me the recipe?,"das Rezept, -e	Dieser Kuchen schmeckt super! Kannst du mir bitte das Rezept geben?	This cake tastes great! Can you please give me the recipe?",verified
"riechen, riecht",other,A2,,"riechen, riecht",,,0,0,,,,,0,Diese Blumen riechen gut.,These flowers smell good.,"riechen, riecht	Diese Blumen riechen gut.	These flowers smell good.",
das Rind,noun,A2,das,Rind,Rinder,wiktionary,0,0,,,,,0,Ich esse nur Fleisch vom Rind.,I only eat beef.,das Rind	Ich esse nur Fleisch vom Rind.	I only eat beef.,verified
der Ring,noun,A2,der,Ring,Ringe,-e,0,0,,,,,0,Ich habe meinen Ring verloren.,I lost my ring.,"der Ring, -e	Ich habe meinen Ring verloren.	I lost my ring.",verified
der Rock,noun,A2,der,Rock,Röcke,¨-e,0,0,,,,,0,Der Rock ist zu eng.,The skirt is too tight.,"der Rock, ¨-e	Der Rock ist zu eng.	The skirt is too tight.",verified
romantisch,other,A2,,romantisch,,,0,0,,,,,0,Dieser Film ist sehr romantisch.,This movie is very romantic.,romantisch	Dieser Film ist sehr romantisch.	This movie is very romantic.,
die Rose,noun,A2,die,Rose,Rosen,-n,0,0,,,,,0,Er schenkt seiner Freundin rote Rosen zum Geburtstag.,He gives his girlfriend red roses for her birthday.,"die Rose, -n	Er schenkt seiner Freundin rote Rosen zum Geburtstag.	He gives his girlfriend red roses for her birthday.",verified
der Rücken,noun,A2,der,Rücken,Rücken,-,0,0,,,,,0,Mein Rücken tut mir weh.,My back hurts.,"der Rücken, -	Mein Rücken tut mir weh.	My back hurts.",verified
der Rucksack,noun,A2,der,Rucksack,Rucksäcke,¨-e,0,0,,,,,0,Ich nehme lieber einen Rucksack als einen Koffer mit.,I prefer to take a backpack rather than a suitcase.,"der Rucksack, ¨-e	Ich nehme lieber einen Rucksack als einen Koffer mit.	I prefer to take a backpack rather than a suitcase.",verified
"rufen, ruft",other,A2,,"rufen, ruft",,,0,0,,,,,0,Rufst du bitte die Kinder? Das Essen ist fertig.,Can you call the children? The food is ready.,"rufen, ruft	Rufst du bitte die Kinder? Das Essen ist fertig.	Can you call the children? The food is ready.",
die Ruhe,noun,A2,die,Ruhe,,,1,0,,,,,0,"Ruhe, bitte! Hier in der Bibliothek darf man nicht laut sprechen.","Quiet, please! In the library, you can't speak loudly.","die Ruhe (Sg.)	Ruhe, bitte! Hier in der Bibliothek darf man nicht laut sprechen.	Quiet, please! In the library, you can't speak loudly.",verified
rund,other,A2,,rund,,,0,0,,,,,0,Unser Wohnzimmertisch ist rund.,Our living room table is round.,rund	Unser Wohnzimmertisch ist rund.	Our living room table is round.,
der Rundgang,noun,A2,der,Rundgang,Rundgänge,¨-e,0,0,,,,,0,Der Rundgang durch das Schloss beginnt in wenigen Minuten.,The tour of the castle starts in a few minutes.,"der Rundgang, ¨-e	Der Rundgang durch das Schloss beginnt in wenigen Minuten.	The tour of the castle starts in a few minutes.",verified
die Sache,noun,A2,die,Sache,Sachen,-n,0,0,,,,,0,Ihr könnt eure Sachen im Hotel lassen.,You can leave your things at the hotel.,"die Sache, -n	Ihr könnt eure Sachen im Hotel lassen.	You can leave your things at the hotel.",verified
"sagen, sagt",other,A2,,"sagen, sagt",,,0,0,,,,,0,"Entschuldigung, was haben Sie gesagt?","Sorry, what did you say?","sagen, sagt	Entschuldigung, was haben Sie gesagt?	Sorry, what did you say?",
"sammeln, sammelt",other,A2,,"sammeln, sammelt",,,0,0,,,,,0,Peter sammelt Briefmarken.,Peter collects stamps.,"sammeln, sammelt	Peter sammelt Briefmarken.	Peter collects stamps.",
sauber,other,A2,,sauber,,,0,0,,,,,0,Bringen Sie mir bitte ein sauberes Glas!,Please bring me a clean glass.,sauber	Bringen Sie mir bitte ein sauberes Glas!	Please bring me a clean glass.,
sauer,other,A2,,sauer,,,0,0,,,,,0,Zitronen sind mir zu sauer.,Lemons are too sour for me.,sauer	Zitronen sind mir zu sauer.	Lemons are too sour for me.,
schade,other,A2,,schade,,,0,0,,,,,0,"Schade, dass du nicht kommen kannst.",It's a pity that you can't come.,"schade	Schade, dass du nicht kommen kannst.	It's a pity that you can't come.",
schädlich,other,A2,,schädlich,,,0,0,,,,,0,Rauchen ist schädlich für die Gesundheit.,Smoking is harmful to health.,schädlich	Rauchen ist schädlich für die Gesundheit.	Smoking is harmful to health.,
"schaffen, schafft",other,A2,,"schaffen, schafft",,,0,0,,,,,0,Kannst du mir bitte helfen? Ich schaffe das nicht alleine.,"Can you help me, please? I can't manage it alone.","schaffen, schafft	Kannst du mir bitte helfen? Ich schaffe das nicht alleine.	Can you help me, please? I can't manage it alone.",
scharf,other,A2,,scharf,,,0,0,,,,,0,Die Suppe ist mir zu scharf.,The soup is too spicy for me.,scharf	Die Suppe ist mir zu scharf.	The soup is too spicy for me.,
"scheinen, scheint",other,A2,,"scheinen, scheint",,,0,0,,,,,0,Die Sonne scheint.,The sun is shining.,"scheinen, scheint	Die Sonne scheint.	The sun is shining.",
schenken,verb,A2,,schenken,,,0,0,,,,,0,Was schenken wir Michael zum Geburtstag?,What should we give Michael for his birthday?,schenken	Was schenken wir Michael zum Geburtstag?	What should we give Michael for his birthday?,
die Schere,noun,A2,die,Schere,Scheren,-n,0,0,,,,,0,Die Schere schneidet nicht gut. Hast du eine andere?,The scissors don't cut well. Do you have another one?,"die Schere, -n	Die Schere schneidet nicht gut. Hast du eine andere?	The scissors don't cut well. Do you have another one?",verified
"schicken, schickt",other,A2,,"schicken, schickt",,,0,0,,,,,0,Bitte schicken Sie mir eine E-Mail.,Please send me an email.,"schicken, schickt	Bitte schicken Sie mir eine E-Mail.	Please send me an email.",
das Schiff,noun,A2,das,Schiff,Schiffe,-e,0,0,,,,,0,Wir fahren mit dem Schiff von Basel nach Köln.,We are traveling by ship from Basel to Cologne.,"das Schiff, -e	Wir fahren mit dem Schiff von Basel nach Köln.	We are traveling by ship from Basel to Cologne.",verified
"schimpfen, schimpft",other,A2,,"schimpfen, schimpft",,,0,0,,,,,0,Warum schimpfst du denn so laut? – Ich ärgere mich über mein Auto.,Why are you scolding so loudly? – I'm annoyed with my car.,"schimpfen, schimpft	Warum schimpfst du denn so laut? – Ich ärgere mich über mein Auto.	Why are you scolding so loudly? – I'm annoyed with my car.",
der Schirm,noun,A2,der,Schirm,Schirme,wiktionary,0,0,,,,,0,"Nimm den Schirm mit, es regnet.","Take the umbrella, it's raining.","der Schirm	Nimm den Schirm mit, es regnet.	Take the umbrella, it's raining.",verified
"schlafen, schläft",other,A2,,"schlafen, schläft",,,0,0,,,,,0,Ich schlafe meistens acht Stunden.,I usually sleep eight hours.,"schlafen, schläft	Ich schlafe meistens acht Stunden.	I usually sleep eight hours.",
das Schlafzimmer,noun,A2,das,Schlafzimmer,Schlafzimmer,-,0,0,,,,,0,Hier ist das Schlafzimmer.,Here is the bedroom.,"das Schlafzimmer, -	Hier ist das Schlafzimmer.	Here is the bedroom.",verified
"schließen, schließt",other,A2,,"schließen, schließt",,,0,0,,,,,0,Bitte schließen Sie die Tür.,Please close the door.,"schließen, schließt	Bitte schließen Sie die Tür.	Please close the door.",
schlimm,other,A2,,schlimm,,,0,0,,,,,0,"Kein Problem, das ist nicht so schlimm.","No problem, it's not that bad.","schlimm	Kein Problem, das ist nicht so schlimm.	No problem, it's not that bad.",
das Schloss,noun,A2,das,Schloss,Schlösser,¨-er,0,0,,,,,0,Am Wochenende besichtigen wir Schloss Neuschwanstein.,"On the weekend, we will visit Neuschwanstein Castle.","das Schloss, ¨-er	Am Wochenende besichtigen wir Schloss Neuschwanstein.	On the weekend, we will visit Neuschwanstein Castle.",verified
"schmecken, schmeckt",other,A2,,"schmecken, schmeckt",,,0,0,,,,,0,Schmeckt dir die Suppe?,Do you like the soup?,"schmecken, schmeckt	Schmeckt dir die Suppe?	Do you like the soup?",
der Schmerz,noun,A2,der,Schmerz,Schmerzen,-en,0,0,,,,,0,Haben Sie Schmerzen?,Do you have pain?,"der Schmerz, -en	Haben Sie Schmerzen?	Do you have pain?",verified
schmutzig,other,A2,,schmutzig,,,0,0,,,,,0,Das Handtuch ist schmutzig.,The towel is dirty.,schmutzig	Das Handtuch ist schmutzig.	The towel is dirty.,
der Schnee,noun,A2,der,Schnee,,,1,0,,,,,0,In den Bergen liegt viel Schnee.,There's a lot of snow in the mountains.,der Schnee (Sg.)	In den Bergen liegt viel Schnee.	There's a lot of snow in the mountains.,verified
"schneiden (sich), schneidet",other,A2,,"schneiden (sich), schneidet",,,0,0,,,,,0,Das Messer schneidet nicht gut.,The knife doesn't cut well.,"schneiden (sich), schneidet	Das Messer schneidet nicht gut.	The knife doesn't cut well.",
"schneien, schneit",other,A2,,"schneien, schneit",,,0,0,,,,,0,Morgen schneit es.,It will snow tomorrow.,"schneien, schneit	Morgen schneit es.	It will snow tomorrow.",
die Schokolade,noun,A2,die,Schokolade,,,1,0,,,,,0,Julia liebt Schokolade.,Julia loves chocolate.,die Schokolade (Sg.)	Julia liebt Schokolade.	Julia loves chocolate.,verified
schrecklich,other,A2,,schrecklich,,,0,0,,,,,0,Ich finde ihren Rock schrecklich. Er sieht furchtbar aus!,I find her skirt terrible. It looks awful!,schrecklich	Ich finde ihren Rock schrecklich. Er sieht furchtbar aus!	I find her skirt terrible. It looks awful!,
"schreiben, schreibt",other,A2,,"schreiben, schreibt",,,0,0,,,,,0,Ich schreibe dir eine E-Mail.,I am writing you an email.,"schreiben, schreibt	Ich schreibe dir eine E-Mail.	I am writing you an email.",
schriftlich,other,A2,,schriftlich,,,0,0,,,,,0,Sie müssen sich schriftlich anmelden.,You need to register in writing.,schriftlich	Sie müssen sich schriftlich anmelden.	You need to register in writing.,
die Schülerin,noun,A2,die,Schülerin,Schülerinnen,-nen,0,0,,,,,0,In meinem Kurs sind acht Schülerinnen und fünf Schüler.,"In my class, there are eight female students and five male students.","der Schüler, - / die Schülerin, -nen	In meinem Kurs sind acht Schülerinnen und fünf Schüler.	In my class, there are eight female students and five male students.",verified
schwach,other,A2,,schwach,,,0,0,,,,,0,Er ist krank und schwach.,He is ill and weak.,schwach	Er ist krank und schwach.	He is ill and weak.,
schwanger,other,A2,,schwanger,,,0,0,,,,,0,Lena ist schwanger. Sie bekommt im Juli ein Kind.,Lena is pregnant. She is having a baby in July.,schwanger	Lena ist schwanger. Sie bekommt im Juli ein Kind.	Lena is pregnant. She is having a baby in July.,
das Schwein,noun,A2,das,Schwein,Schweine,-e,0,0,,,,,0,Ich esse kein Schweinefleisch.,I don't eat pork.,"das Schwein, -e	Ich esse kein Schweinefleisch.	I don't eat pork.",verified
schwierig,other,A2,,schwierig,,,0,0,,,,,0,Die Prüfung war nicht schwierig.,The exam wasn't difficult.,schwierig	Die Prüfung war nicht schwierig.	The exam wasn't difficult.,
"schwimmen, schwimmt",other,A2,,"schwimmen, schwimmt",,,0,0,,,,,0,Ich schwimme täglich einen Kilometer.,I swim a kilometer every day.,"schwimmen, schwimmt	Ich schwimme täglich einen Kilometer.	I swim a kilometer every day.",
die See,noun,A2,die,See,,,1,0,,,,,0,Die See ist heute ruhig.,The sea is calm today.,die See (Sg)	Die See ist heute ruhig.	The sea is calm today.,verified
"sehen, sieht",other,A2,,"sehen, sieht",,,0,0,,,,,0,Ich kann dich nicht sehen.,I can't see you.,"sehen, sieht	Ich kann dich nicht sehen.	I can't see you.",
die Seife,noun,A2,die,Seife,Seifen,-n,0,0,,,,,0,Hier gibt es keine Seife.,There is no soap here.,"die Seife, -n	Hier gibt es keine Seife.	There is no soap here.",verified
"sein, ist, war, ist gewesen",other,A2,,"sein, ist, war, ist gewesen",,,0,0,,,,,0,Das sind meine Kollegen.,These are my colleagues.,"sein, ist, war, ist gewesen	Das sind meine Kollegen.	These are my colleagues.",
an sein / aus sein,other,A2,,an sein / aus sein,,,0,0,,,,,0,Das Licht ist noch an/schon aus.,The light is still on/has already been turned off.,an sein / aus sein	Das Licht ist noch an/schon aus.	The light is still on/has already been turned off.,
die Seite,noun,A2,die,Seite,Seiten,-n,0,0,,,,,0,Öffnen Sie das Kursbuch auf Seite 20.,Open the textbook on page 20.,"die Seite, -n	Öffnen Sie das Kursbuch auf Seite 20.	Open the textbook on page 20.",verified
selbst,other,A2,,selbst,,,0,0,,,,,0,"Du musst mir nicht helfen, ich mache das selbst.","You don't have to help me, I'll do it myself.","selbst	Du musst mir nicht helfen, ich mache das selbst.	You don't have to help me, I'll do it myself.",
die Sendung,noun,A2,die,Sendung,Sendungen,-en,0,0,,,,,0,Welche Sendungen schaust du gern an? – Ich mag Sportsendungen.,What shows do you like to watch? – I like sports shows.,"die Sendung, -en	Welche Sendungen schaust du gern an? – Ich mag Sportsendungen.	What shows do you like to watch? – I like sports shows.",verified
der Service,noun,A2,der,Service,,,1,0,,,,,0,Ich bin mit dem Service in der Werkstatt sehr zufrieden.,I am very satisfied with the service at the workshop.,der Service (Sg.)	Ich bin mit dem Service in der Werkstatt sehr zufrieden.	I am very satisfied with the service at the workshop.,verified
"setzen (sich), setzt",other,A2,,"setzen (sich), setzt",,,0,0,,,,,0,Setz dich doch!,Sit down!,"setzen (sich), setzt	Setz dich doch!	Sit down!",
sicher,other,A2,,sicher,,,0,0,,,,,0,Dieses Auto ist besonders sicher.,This car is especially safe.,sicher	Dieses Auto ist besonders sicher.	This car is especially safe.,
"singen, singt",other,A2,,"singen, singt",,,0,0,,,,,0,Er singt gern.,He likes to sing.,"singen, singt	Er singt gern.	He likes to sing.",
die Situation,noun,A2,die,Situation,Situationen,-en,0,0,,,,,0,"Ich bin in einer schwierigen Situation. Ich weiß nicht, was ich tun soll.",I am in a difficult situation. I don’t know what to do.,"die Situation, -en	Ich bin in einer schwierigen Situation. Ich weiß nicht, was ich tun soll.	I am in a difficult situation. I don’t know what to do.",verified
"sitzen, sitzt",other,A2,,"sitzen, sitzt",,,0,0,,,,,0,Wo möchten Sie sitzen? – Bitte ganz hinten.,"Where would you like to sit? – Please, at the back.","sitzen, sitzt	Wo möchten Sie sitzen? – Bitte ganz hinten.	Where would you like to sit? – Please, at the back.",
der Ski,noun,A2,der,Ski,Ski,"-, -er",0,0,,,,,0,Gehen wir am Wochenende Ski fahren?,Shall we go skiing this weekend?,"der Ski, -, -er	Gehen wir am Wochenende Ski fahren?	Shall we go skiing this weekend?",verified
sogar,other,A2,,sogar,,,0,0,,,,,0,Heute ist es sehr kalt. In den Bergen schneit es sogar.,Today is very cold. It’s even snowing in the mountains.,sogar	Heute ist es sehr kalt. In den Bergen schneit es sogar.	Today is very cold. It’s even snowing in the mountains.,
"sollen, soll",other,A2,,"sollen, soll",,,0,0,,,,,0,Wann soll ich kommen und was soll ich mitbringen?,When should I come and what should I bring?,"sollen, soll	Wann soll ich kommen und was soll ich mitbringen?	When should I come and what should I bring?",
sonnig,other,A2,,sonnig,,,0,0,,,,,0,Morgen ist das Wetter wieder warm und sonnig.,Tomorrow the weather will be warm and sunny again.,sonnig	Morgen ist das Wetter wieder warm und sonnig.	Tomorrow the weather will be warm and sunny again.,
sonst,other,A2,,sonst,,,0,0,,,,,0,"Haben Sie sonst noch einen Wunsch? – Nein danke, das ist alles.","Do you have any other requests? – No, thank you, that's all.","sonst	Haben Sie sonst noch einen Wunsch? – Nein danke, das ist alles.	Do you have any other requests? – No, thank you, that's all.",
spannend,other,A2,,spannend,,,0,0,,,,,0,Ich finde den Film sehr spannend.,I find the movie very exciting.,spannend	Ich finde den Film sehr spannend.	I find the movie very exciting.,
"sparen, spart",other,A2,,"sparen, spart",,,0,0,,,,,0,Ein neues Auto ist sehr teuer. Ich muss sparen.,A new car is very expensive. I have to save money.,"sparen, spart	Ein neues Auto ist sehr teuer. Ich muss sparen.	A new car is very expensive. I have to save money.",
der Spaß,noun,A2,der,Spaß,,,1,0,,,,,0,Meine Arbeit macht mir Spaß.,My work is fun.,der Spaß (Sg.)	Meine Arbeit macht mir Spaß.	My work is fun.,verified
"spazieren gehen, geht spazieren",other,A2,,"spazieren gehen, geht spazieren",,,0,0,,,,,0,Wir gehen sonntags immer spazieren.,We always go for a walk on Sundays.,"spazieren gehen, geht spazieren	Wir gehen sonntags immer spazieren.	We always go for a walk on Sundays.",
der Spaziergang,noun,A2,der,Spaziergang,Spaziergänge,¨-e,0,0,,,,,0,Abends mache ich immer einen Spaziergang.,"In the evening, I always go for a walk.","der Spaziergang, ¨-e	Abends mache ich immer einen Spaziergang.	In the evening, I always go for a walk.",verified
"speichern, speichert",other,A2,,"speichern, speichert",,,0,0,,,,,0,Sie müssen die Datei speichern.,You need to save the file.,"speichern, speichert	Sie müssen die Datei speichern.	You need to save the file.",
das Spiel,noun,A2,das,Spiel,Spiele,-e,0,0,,,,,0,Welche Kartenspiele kennen Sie? Monopoly ist ein sehr bekanntes Spiel.,What card games do you know? Monopoly is a very well-known game.,"das Spiel, -e	Welche Kartenspiele kennen Sie? Monopoly ist ein sehr bekanntes Spiel.	What card games do you know? Monopoly is a very well-known game.",verified
"spielen, spielt",other,A2,,"spielen, spielt",,,0,0,,,,,0,Die Kinder spielen draußen.,The children are playing outside.,"spielen, spielt	Die Kinder spielen draußen.	The children are playing outside.",
sportlich,other,A2,,sportlich,,,0,0,,,,,0,Tom ist sehr sportlich.,Tom is very athletic.,sportlich	Tom ist sehr sportlich.	Tom is very athletic.,
der Sportplatz,noun,A2,der,Sportplatz,Sportplätze,¨-e,0,0,,,,,0,Das Fußballtraining ist um 17 Uhr auf dem Sportplatz.,The soccer practice is at 5 PM at the sports field.,"der Sportplatz, ¨-e	Das Fußballtraining ist um 17 Uhr auf dem Sportplatz.	The soccer practice is at 5 PM at the sports field.",verified
"sprechen, spricht",other,A2,,"sprechen, spricht",,,0,0,,,,,0,Kann ich (mit) Herrn Klein sprechen?,Can I speak with Mr. Klein?,"sprechen, spricht	Kann ich (mit) Herrn Klein sprechen?	Can I speak with Mr. Klein?",
die Sprechstunde,noun,A2,die,Sprechstunde,Sprechstunden,-n,0,0,,,,,0,Frau Doktor Weiß hat von 9:00 bis 12:30 Uhr Sprechstunde.,Dr. Weiß has office hours from 9:00 AM to 12:30 PM.,"die Sprechstunde, -n	Frau Doktor Weiß hat von 9:00 bis 12:30 Uhr Sprechstunde.	Dr. Weiß has office hours from 9:00 AM to 12:30 PM.",verified
der Stadtplan,noun,A2,der,Stadtplan,Stadtpläne,¨-e,0,0,,,,,0,Haben Sie einen Stadtplan von Salzburg?,Do you have a city map of Salzburg?,"der Stadtplan, ¨-e	Haben Sie einen Stadtplan von Salzburg?	Do you have a city map of Salzburg?",verified
der Star,noun,A2,der,Star,Stare,wiktionary,0,0,,,,,0,Diese Sängerin ist ein Star in Deutschland.,This singer is a star in Germany.,"der Star, -s	Diese Sängerin ist ein Star in Deutschland.	This singer is a star in Germany.",verified
stark,other,A2,,stark,,,0,0,,,,,0,Ich habe starke Kopfschmerzen.,I have a strong headache.,stark	Ich habe starke Kopfschmerzen.	I have a strong headache.,
"stattfinden, findet statt",other,A2,,"stattfinden, findet statt",,,0,0,,,,,0,Das Spiel findet auch bei Regen statt.,The game will take place even if it rains.,"stattfinden, findet statt	Das Spiel findet auch bei Regen statt.	The game will take place even if it rains.",
"stehen, steht",other,A2,,"stehen, steht",,,0,0,,,,,0,Der Bus steht schon an der Haltestelle.,The bus is already at the bus stop.,"stehen, steht	Der Bus steht schon an der Haltestelle.	The bus is already at the bus stop.",
"stellen, stellt",other,A2,,"stellen, stellt",,,0,0,,,,,0,Stell die Milch bitte in den Kühlschrank!,"Put the milk in the refrigerator, please!","stellen, stellt	Stell die Milch bitte in den Kühlschrank!	Put the milk in the refrigerator, please!",
"sterben, stirbt",other,A2,,"sterben, stirbt",,,0,0,,,,,0,Herr Müller kommt heute nicht. Sein Vater ist gestern gestorben.,Mr. Müller is not coming today. His father died yesterday.,"sterben, stirbt	Herr Müller kommt heute nicht. Sein Vater ist gestern gestorben.	Mr. Müller is not coming today. His father died yesterday.",
der Stiefel,noun,A2,der,Stiefel,Stiefel,-,0,0,,,,,0,Wie viel kosten die roten Stiefel?,How much do the red boots cost?,"der Stiefel, -	Wie viel kosten die roten Stiefel?	How much do the red boots cost?",verified
der Stift,noun,A2,der,Stift,Stifte,-e,0,0,,,,,0,Kannst du mir bitte einen Stift geben? - Was brauchst du? Einen Farbstift oder einen Bleistift oder einen Kugelschreiber?,"Can you please give me a pen? - What do you need? A colored pencil, a pencil, or a ballpoint pen?","der Stift, -e	Kannst du mir bitte einen Stift geben? - Was brauchst du? Einen Farbstift oder einen Bleistift oder einen Kugelschreiber?	Can you please give me a pen? - What do you need? A colored pencil, a pencil, or a ballpoint pen?",verified
das Stipendium,noun,A2,das,Stipendium,Stipendien,wiktionary,0,0,,,,,0,"Wenn ich ein gutes Zeugnis habe, bekomme ich ein Stipendium.","If I have a good report card, I will get a scholarship.","das Stipendium, -en	Wenn ich ein gutes Zeugnis habe, bekomme ich ein Stipendium.	If I have a good report card, I will get a scholarship.",verified
das Stockwerk,noun,A2,das,Stockwerk,Stockwerke,-e,0,0,,,,,0,Das Gebäude hat zwanzig Stockwerke.,The building has twenty floors.,"das Stockwerk, -e	Das Gebäude hat zwanzig Stockwerke.	The building has twenty floors.",verified
"stören, stört",other,A2,,"stören, stört",,,0,0,,,,,0,Störe ich?,Am I disturbing you?,"stören, stört	Störe ich?	Am I disturbing you?",
der Strand,noun,A2,der,Strand,Strände,¨-e,0,0,,,,,0,Im Urlaub bin ich am liebsten am Strand.,"On vacation, I prefer to be at the beach.","der Strand, ¨-e	Im Urlaub bin ich am liebsten am Strand.	On vacation, I prefer to be at the beach.",verified
"streiten (sich), streitet",other,A2,,"streiten (sich), streitet",,,0,0,,,,,0,Die Kinder streiten (sich) oft.,The children often argue.,"streiten (sich), streitet	Die Kinder streiten (sich) oft.	The children often argue.",
streng,other,A2,,streng,,,0,0,,,,,0,Der Lehrer von meiner Tochter ist sehr streng.,My daughter's teacher is very strict.,streng	Der Lehrer von meiner Tochter ist sehr streng.	My daughter's teacher is very strict.,
der Stress,noun,A2,der,Stress,,,1,0,,,,,0,Ich habe bei der Arbeit viel Stress.,I have a lot of stress at work.,der Stress (Sg.)	Ich habe bei der Arbeit viel Stress.	I have a lot of stress at work.,verified
stressig,other,A2,,stressig,,,0,0,,,,,0,Meine Arbeit ist stressig.,My work is stressful.,stressig	Meine Arbeit ist stressig.	My work is stressful.,
das Stück,noun,A2,das,Stück,Stücke,-e,0,0,,,,,0,Möchten Sie noch ein Stück Kuchen?,Would you like another piece of cake?,"das Stück, -e	Möchten Sie noch ein Stück Kuchen?	Would you like another piece of cake?",verified
die Studentin,noun,A2,die,Studentin,Studentinnen,-nen,0,0,,,,,0,Ich bin Studentin.,I am a student.,"der Student, -en / die Studentin, -nen	Ich bin Studentin.	I am a student.",verified
"studieren, studiert",other,A2,,"studieren, studiert",,,0,0,,,,,0,Ich studiere in Mainz.,I study in Mainz.,"studieren, studiert	Ich studiere in Mainz.	I study in Mainz.",
der Stuhl,noun,A2,der,Stuhl,Stühle,¨-e,0,0,,,,,0,Ist der Stuhl frei?,Is the chair free?,"der Stuhl, ¨-e	Ist der Stuhl frei?	Is the chair free?",verified
"suchen, sucht",other,A2,,"suchen, sucht",,,0,0,,,,,0,Suchst du etwas?,Are you looking for something?,"suchen, sucht	Suchst du etwas?	Are you looking for something?",
super,other,A2,,super,,,0,0,,,,,0,Der Film ist super.,The movie is great.,super	Der Film ist super.	The movie is great.,
der Supermarkt,noun,A2,der,Supermarkt,Supermärkte,¨-e,0,0,,,,,0,Ich kaufe oft im Supermarkt ein.,I often shop at the supermarket.,"der Supermarkt, ¨-e	Ich kaufe oft im Supermarkt ein.	I often shop at the supermarket.",verified
die Suppe,noun,A2,die,Suppe,Suppen,-n,0,0,,,,,0,Schmeckt dir die Suppe?,Do you like the soup?,"die Suppe, -n	Schmeckt dir die Suppe?	Do you like the soup?",verified
"surfen, surft",other,A2,,"surfen, surft",,,0,0,,,,,0,Ich möchte gern surfen lernen.,I would like to learn how to surf.,"surfen, surft	Ich möchte gern surfen lernen.	I would like to learn how to surf.",
süß,other,A2,,süß,,,0,0,,,,,0,Ich finde die Torte zu süß.,I find the cake too sweet.,süß	Ich finde die Torte zu süß.	I find the cake too sweet.,
die Süßigkeiten,noun,A2,die,Süßigkeiten,,,0,0,,,,,0,Welche Süßigkeiten isst du am liebsten?,What sweets do you like to eat the most?,die Süßigkeiten	Welche Süßigkeiten isst du am liebsten?	What sweets do you like to eat the most?,unverified
sympathisch,other,A2,,sympathisch,,,0,0,,,,,0,Der neue Chef ist sehr sympathisch.,The new boss is very likable.,sympathisch	Der neue Chef ist sehr sympathisch.	The new boss is very likable.,
das Tablet,noun,A2,das,Tablet,Tablets,-s,0,0,,,,,0,"Hast du ein Tablet? - Nein, ich habe einen Laptop und ein Handy.","Do you have a tablet? - No, I have a laptop and a phone.","das Tablet, -s	Hast du ein Tablet? - Nein, ich habe einen Laptop und ein Handy.	Do you have a tablet? - No, I have a laptop and a phone.",verified
die Tablette,noun,A2,die,Tablette,Tabletten,-n,0,0,,,,,0,Du sollst am Abend zwei Tabletten nehmen.,You should take two tablets in the evening.,"die Tablette, -n	Du sollst am Abend zwei Tabletten nehmen.	You should take two tablets in the evening.",verified
die Tafel,noun,A2,die,Tafel,Tafeln,-n,0,0,,,,,0,Der Lehrer schreibt das neue Wort an die Tafel.,The teacher writes the new word on the blackboard.,"die Tafel, -n	Der Lehrer schreibt das neue Wort an die Tafel.	The teacher writes the new word on the blackboard.",verified
"tanzen, tanzt",other,A2,,"tanzen, tanzt",,,0,0,,,,,0,Tanzen Sie gern?,Do you like dancing?,"tanzen, tanzt	Tanzen Sie gern?	Do you like dancing?",
das Taschengeld,noun,A2,das,Taschengeld,,,1,0,,,,,0,Wie viel Taschengeld bekommen deine Kinder?,How much pocket money do your children get?,das Taschengeld (Sg.)	Wie viel Taschengeld bekommen deine Kinder?	How much pocket money do your children get?,verified
die Tasse,noun,A2,die,Tasse,Tassen,-n,0,0,,,,,0,Möchten Sie eine Tasse Kaffee?,Would you like a cup of coffee?,"die Tasse, -n	Möchten Sie eine Tasse Kaffee?	Would you like a cup of coffee?",verified
"(aus)tauschen, tauscht (aus)",other,A2,,"(aus)tauschen, tauscht (aus)",,,0,0,,,,,0,Können wir bitte die Plätze tauschen?,Can we please swap places?,"(aus)tauschen, tauscht (aus)	Können wir bitte die Plätze tauschen?	Can we please swap places?",
"(aus)tauschen, hat (aus)getauscht",other,A2,,"(aus)tauschen, hat (aus)getauscht",,,0,0,,,,,0,Können wir unsere Adressen austauschen?,Can we exchange our addresses?,"(aus)tauschen, hat (aus)getauscht	Können wir unsere Adressen austauschen?	Can we exchange our addresses?",
das Team,noun,A2,das,Team,Teams,-s,0,0,,,,,0,Ich arbeite gern in einem Team.,I like working in a team.,"das Team, -s	Ich arbeite gern in einem Team.	I like working in a team.",verified
"teilen, teilt",other,A2,,"teilen, teilt",,,0,0,,,,,0,Wollen wir die Pizza teilen?,Shall we share the pizza?,"teilen, teilt	Wollen wir die Pizza teilen?	Shall we share the pizza?",
"teilen, hat geteilt",other,A2,,"teilen, hat geteilt",,,0,0,,,,,0,Mein Mann und ich teilen uns die Arbeit.,My husband and I share the work.,"teilen, hat geteilt	Mein Mann und ich teilen uns die Arbeit.	My husband and I share the work.",
"teilnehmen, nimmt teil",other,A2,,"teilnehmen, nimmt teil",,,0,0,,,,,0,Ich möchte an dem Tanzkurs teilnehmen.,I would like to participate in the dance course.,"teilnehmen, nimmt teil	Ich möchte an dem Tanzkurs teilnehmen.	I would like to participate in the dance course.",
"teilnehmen, hat teilgenommen",other,A2,,"teilnehmen, hat teilgenommen",,,0,0,,,,,0,Ich habe an der Konferenz teilgenommen.,I participated in the conference.,"teilnehmen, hat teilgenommen	Ich habe an der Konferenz teilgenommen.	I participated in the conference.",
"telefonieren, telefoniert",other,A2,,"telefonieren, telefoniert",,,0,0,,,,,0,Ich muss kurz telefonieren.,I need to make a phone call.,"telefonieren, telefoniert	Ich muss kurz telefonieren.	I need to make a phone call.",
"telefonieren, hat telefoniert",other,A2,,"telefonieren, hat telefoniert",,,0,0,,,,,0,Er hat den ganzen Abend telefoniert.,He talked on the phone all evening.,"telefonieren, hat telefoniert	Er hat den ganzen Abend telefoniert.	He talked on the phone all evening.",
der Teller,noun,A2,der,Teller,Teller,-,0,0,,,,,0,Stell die Teller bitte auf den Tisch!,Please put the plates on the table!,"der Teller, -	Stell die Teller bitte auf den Tisch!	Please put the plates on the table!",verified
das Tennis,noun,A2,das,Tennis,,,1,0,,,,,0,Steffi spielt sehr gut Tennis.,Steffi plays tennis very well.,das Tennis (Sg.)	Steffi spielt sehr gut Tennis.	Steffi plays tennis very well.,verified
das Theater,noun,A2,das,Theater,Theater,-,0,0,,,,,0,Ich gehe nicht gern ins Theater.,I don’t like going to the theater.,"das Theater, -	Ich gehe nicht gern ins Theater.	I don’t like going to the theater.",verified
tief,other,A2,,tief,,,0,0,,,,,0,"Vorsicht, das Wasser ist tief!","Caution, the water is deep!","tief	Vorsicht, das Wasser ist tief!	Caution, the water is deep!",
das Tier,noun,A2,das,Tier,Tiere,-e,0,0,,,,,0,Wir dürfen keine Tiere in der Wohnung haben.,We are not allowed to have pets in the apartment.,"das Tier, -e	Wir dürfen keine Tiere in der Wohnung haben.	We are not allowed to have pets in the apartment.",verified
der Tipp,noun,A2,der,Tipp,Tipps,-s,0,0,,,,,0,Kannst du mir einen guten Tipp geben?,Can you give me a good tip?,"der Tipp, -s	Kannst du mir einen guten Tipp geben?	Can you give me a good tip?",verified
der Titel,noun,A2,der,Titel,Titel,-,0,0,,,,,0,Wie heißt der Film? - Ich weiß den Titel nicht mehr.,What’s the name of the film? - I don’t remember the title.,"der Titel, -	Wie heißt der Film? - Ich weiß den Titel nicht mehr.	What’s the name of the film? - I don’t remember the title.",verified
toll,other,A2,,toll,,,0,0,,,,,0,Der Urlaub war toll.,The vacation was great.,toll	Der Urlaub war toll.	The vacation was great.,
der Topf,noun,A2,der,Topf,Töpfe,¨-e,0,0,,,,,0,Hast du keinen größeren Topf? Ich möchte Kartoffeln kochen.,Don’t you have a bigger pot? I want to cook potatoes.,"der Topf, ¨-e	Hast du keinen größeren Topf? Ich möchte Kartoffeln kochen.	Don’t you have a bigger pot? I want to cook potatoes.",verified
die Torte,noun,A2,die,Torte,Torten,-n,0,0,,,,,0,Zum Geburtstag backe ich dir eine Torte.,I’ll bake you a cake for your birthday.,"die Torte, -n	Zum Geburtstag backe ich dir eine Torte.	I’ll bake you a cake for your birthday.",verified
total,other,A2,,total,,,0,0,,,,,0,Der Film ist total langweilig.,The film is totally boring.,total	Der Film ist total langweilig.	The film is totally boring.,
die Tour,noun,A2,die,Tour,Touren,-en,0,0,,,,,0,Wo kann ich eine Stadttour buchen?,Where can I book a city tour?,"die Tour, -en	Wo kann ich eine Stadttour buchen?	Where can I book a city tour?",verified
der Tourist,noun,A2,der,Tourist,Touristen,-en,0,0,,,,,0,Im Sommer kommen viele Touristen in diese Stadt.,"In summer, many tourists come to this city.","der Tourist, -en / die Touristin, -nen	Im Sommer kommen viele Touristen in diese Stadt.	In summer, many tourists come to this city.",verified
die Touristin,noun,A2,die,Touristin,Touristinnen,-nen,0,0,,,,,0,Im Sommer kommen viele Touristen in diese Stadt.,"In summer, many tourists come to this city.","der Tourist, -en / die Touristin, -nen	Im Sommer kommen viele Touristen in diese Stadt.	In summer, many tourists come to this city.",verified
"tragen, trägt",other,A2,,"tragen, trägt",,,0,0,,,,,0,"Ich kann den Koffer nicht tragen, er ist zu schwer.","I can’t carry the suitcase, it’s too heavy.","tragen, trägt	Ich kann den Koffer nicht tragen, er ist zu schwer.	I can’t carry the suitcase, it’s too heavy.",
"tragen, hat getragen",other,A2,,"tragen, hat getragen",,,0,0,,,,,0,Er trägt heute einen blauen Anzug.,He is wearing a blue suit today.,"tragen, hat getragen	Er trägt heute einen blauen Anzug.	He is wearing a blue suit today.",
"trainieren, trainiert",other,A2,,"trainieren, trainiert",,,0,0,,,,,0,Wir trainieren einmal pro Woche im Sportverein.,We train once a week at the sports club.,"trainieren, trainiert	Wir trainieren einmal pro Woche im Sportverein.	We train once a week at the sports club.",
"trainieren, hat trainiert",other,A2,,"trainieren, hat trainiert",,,0,0,,,,,0,Ich habe seit zwei Jahren nicht mehr trainiert.,I haven’t trained for two years.,"trainieren, hat trainiert	Ich habe seit zwei Jahren nicht mehr trainiert.	I haven’t trained for two years.",
das Training,noun,A2,das,Training,Trainings,-s,0,0,,,,,0,Das Training ist immer dienstags.,The training is always on Tuesdays.,"das Training, -s	Das Training ist immer dienstags.	The training is always on Tuesdays.",verified
der Traum,noun,A2,der,Traum,Träume,¨-e,0,0,,,,,0,"Ich möchte eine eigene Firma, das ist mein Traum.","I want my own company, that’s my dream.","der Traum, ¨-e	Ich möchte eine eigene Firma, das ist mein Traum.	I want my own company, that’s my dream.",verified
"träumen, träumt",other,A2,,"träumen, träumt",,,0,0,,,,,0,Ich träume von einem großen Haus mit Garten.,I dream of a big house with a garden.,"träumen, träumt	Ich träume von einem großen Haus mit Garten.	I dream of a big house with a garden.",
"träumen, hat geträumt",other,A2,,"träumen, hat geträumt",,,0,0,,,,,0,Ich habe schlecht geträumt.,I had a bad dream.,"träumen, hat geträumt	Ich habe schlecht geträumt.	I had a bad dream.",
traurig,other,A2,,traurig,,,0,0,,,,,0,Ich bin sehr traurig. Meine Katze ist weggelaufen.,I am very sad. My cat ran away.,traurig	Ich bin sehr traurig. Meine Katze ist weggelaufen.	I am very sad. My cat ran away.,
"treffen (sich), trifft",other,A2,,"treffen (sich), trifft",,,0,0,,,,,0,Ich treffe in der Stadt einen Kollegen.,I meet a colleague in the city.,"treffen (sich), trifft	Ich treffe in der Stadt einen Kollegen.	I meet a colleague in the city.",
"treffen (sich), hat getroffen",other,A2,,"treffen (sich), hat getroffen",,,0,0,,,,,0,Wir treffen uns immer freitags.,We meet every Friday.,"treffen (sich), hat getroffen	Wir treffen uns immer freitags.	We meet every Friday.",
"trinken, trinkt",other,A2,,"trinken, trinkt",,,0,0,,,,,0,Möchtest du etwas trinken?,Would you like something to drink?,"trinken, trinkt	Möchtest du etwas trinken?	Would you like something to drink?",
"trinken, hat getrunken",other,A2,,"trinken, hat getrunken",,,0,0,,,,,0,Ich habe schon drei Tassen Kaffee getrunken.,I’ve already drunk three cups of coffee.,"trinken, hat getrunken	Ich habe schon drei Tassen Kaffee getrunken.	I’ve already drunk three cups of coffee.",
trocken,verb,A2,,trocken,,,0,0,,,,,0,Die Wäsche ist bald trocken.,The laundry will be dry soon.,trocken	Die Wäsche ist bald trocken.	The laundry will be dry soon.,
tschüs,other,A2,,tschüs,,,0,0,,,,,0,"Tschüs, bis morgen!","Bye, see you tomorrow!","tschüs	Tschüs, bis morgen!	Bye, see you tomorrow!",
das T-Shirt,noun,A2,das,T-Shirt,T-Shirts,-s,0,0,,,,,0,Haben Sie dieses T-Shirt auch in M?,Do you have this T-shirt in M?,"das T-Shirt, -s	Haben Sie dieses T-Shirt auch in M?	Do you have this T-shirt in M?",verified
"tun, tut",other,A2,,"tun, tut",,,0,0,,,,,0,Mein Rücken tut weh.,My back hurts.,"tun, tut	Mein Rücken tut weh.	My back hurts.",
"tun, hat getan",other,A2,,"tun, hat getan",,,0,0,,,,,0,"Es tut mir leid, ich kann leider nicht kommen.","I’m sorry, I can’t come.","tun, hat getan	Es tut mir leid, ich kann leider nicht kommen.	I’m sorry, I can’t come.",
die Tür,noun,A2,die,Tür,Türen,-en,0,0,,,,,0,Mach bitte die Tür zu!,Please close the door!,"die Tür, -en	Mach bitte die Tür zu!	Please close the door!",verified
typisch,other,A2,,typisch,,,0,0,,,,,0,Diese Musik ist typisch für dieses Land.,This music is typical for this country.,typisch	Diese Musik ist typisch für dieses Land.	This music is typical for this country.,
"üben, übt",other,A2,,"üben, übt",,,0,0,,,,,0,Ich lerne gerade Gitarre spielen. Ich übe jeden Tag zwei Stunden.,I am currently learning to play the guitar. I practice every day for two hours.,"üben, übt	Ich lerne gerade Gitarre spielen. Ich übe jeden Tag zwei Stunden.	I am currently learning to play the guitar. I practice every day for two hours.",
überall,other,A2,,überall,,,0,0,,,,,0,"Ich habe überall gesucht, aber ich kann meine Brille nicht finden.","I searched everywhere, but I can't find my glasses.","überall	Ich habe überall gesucht, aber ich kann meine Brille nicht finden.	I searched everywhere, but I can't find my glasses.",
übermorgen,verb,A2,,übermorgen,,,0,0,,,,,0,Morgen habe ich frei. Ich komme übermorgen wieder ins Büro.,I have the day off tomorrow. I will come back to the office the day after tomorrow.,übermorgen	Morgen habe ich frei. Ich komme übermorgen wieder ins Büro.	I have the day off tomorrow. I will come back to the office the day after tomorrow.,
"übernachten, übernachtet",other,A2,,"übernachten, übernachtet",,,0,0,,,,,0,Du kannst bei mir übernachten.,You can spend the night at my place.,"übernachten, übernachtet	Du kannst bei mir übernachten.	You can spend the night at my place.",
übersetzen,verb,A2,,übersetzen,,,0,0,,,,,0,Können Sie mir den Brief bitte übersetzen?,Can you please translate the letter for me?,übersetzen	Können Sie mir den Brief bitte übersetzen?	Can you please translate the letter for me?,
die Übersetzung,noun,A2,die,Übersetzung,Übersetzungen,-en,0,0,,,,,0,Ich brauche eine Übersetzung von meinem Zeugnis.,I need a translation of my certificate.,"die Übersetzung, -en	Ich brauche eine Übersetzung von meinem Zeugnis.	I need a translation of my certificate.",verified
"überweisen, überweist",other,A2,,"überweisen, überweist",,,0,0,,,,,0,Sie können das Geld auch überweisen.,You can also transfer the money.,"überweisen, überweist	Sie können das Geld auch überweisen.	You can also transfer the money.",
"umsteigen, steigt um",other,A2,,"umsteigen, steigt um",,,0,0,,,,,0,Sie müssen in Mannheim umsteigen.,You need to change trains in Mannheim.,"umsteigen, steigt um	Sie müssen in Mannheim umsteigen.	You need to change trains in Mannheim.",
"umziehen, zieht um",other,A2,,"umziehen, zieht um",,,0,0,,,,,0,Nächsten Monat ziehen wir um.,Next month we are moving.,"umziehen, zieht um	Nächsten Monat ziehen wir um.	Next month we are moving.",
"sich umziehen, zieht sich um",other,A2,,"sich umziehen, zieht sich um",,,0,0,,,,,0,"Warte bitte, ich muss mich noch umziehen.","Please wait, I need to change clothes.","sich umziehen, zieht sich um	Warte bitte, ich muss mich noch umziehen.	Please wait, I need to change clothes.",
der Umzug,noun,A2,der,Umzug,Umzüge,¨-e,0,0,,,,,0,Der Umzug ist nächste Woche.,The move is next week.,"der Umzug, ¨-e	Der Umzug ist nächste Woche.	The move is next week.",verified
unbedingt,other,A2,,unbedingt,,,0,0,,,,,0,Ich muss unbedingt mit dir sprechen.,I must absolutely talk to you.,unbedingt	Ich muss unbedingt mit dir sprechen.	I must absolutely talk to you.,
der Unfall,noun,A2,der,Unfall,Unfälle,¨-e,0,0,,,,,0,Ich hatte gestern einen Unfall.,I had an accident yesterday.,"der Unfall, ¨-e	Ich hatte gestern einen Unfall.	I had an accident yesterday.",verified
die Universität,noun,A2,die,Universität,Universitäten,-en,0,0,,,,,0,Er studiert an der Universität Freiburg.,He studies at the University of Freiburg.,"die Universität, -en	Er studiert an der Universität Freiburg.	He studies at the University of Freiburg.",verified
"unterhalten (sich), unterhält",other,A2,,"unterhalten (sich), unterhält",,,0,0,,,,,0,Andreas und Nessrin unterhalten sich.,Andreas and Nessrin are talking.,"unterhalten (sich), unterhält	Andreas und Nessrin unterhalten sich.	Andreas and Nessrin are talking.",
die Unterkunft,noun,A2,die,Unterkunft,Unterkünfte,¨-e,0,0,,,,,0,Ich suche noch eine Unterkunft in Basel. Kennst du ein günstiges Hotel?,I am still looking for accommodation in Basel. Do you know a cheap hotel?,"die Unterkunft, ¨-e	Ich suche noch eine Unterkunft in Basel. Kennst du ein günstiges Hotel?	I am still looking for accommodation in Basel. Do you know a cheap hotel?",verified
"unternehmen, unternimmt",other,A2,,"unternehmen, unternimmt",,,0,0,,,,,0,Wollen wir heute Abend etwas unternehmen?,Do you want to do something this evening?,"unternehmen, unternimmt	Wollen wir heute Abend etwas unternehmen?	Do you want to do something this evening?",
der Unterschied,noun,A2,der,Unterschied,Unterschiede,-e,0,0,,,,,0,Was ist der Unterschied zwischen den beiden Kursen? - Die Kurse sind gleich. Es gibt keinen Unterschied.,What is the difference between the two courses? - The courses are the same. There is no difference.,"der Unterschied, -e	Was ist der Unterschied zwischen den beiden Kursen? - Die Kurse sind gleich. Es gibt keinen Unterschied.	What is the difference between the two courses? - The courses are the same. There is no difference.",verified
"unterschreiben, unterschreibt",other,A2,,"unterschreiben, unterschreibt",,,0,0,,,,,0,Wo muss ich unterschreiben?,Where do I need to sign?,"unterschreiben, unterschreibt	Wo muss ich unterschreiben?	Where do I need to sign?",
"untersuchen, untersucht",other,A2,,"untersuchen, untersucht",,,0,0,,,,,0,Der Arzt hat mich untersucht.,The doctor examined me.,"untersuchen, untersucht	Der Arzt hat mich untersucht.	The doctor examined me.",
"unterwegs sein, ist unterwegs",other,A2,,"unterwegs sein, ist unterwegs",,,0,0,,,,,0,Warte bitte auf mich. Ich bin unterwegs und komme gleich.,Please wait for me. I am on my way and will be there soon.,"unterwegs sein, ist unterwegs	Warte bitte auf mich. Ich bin unterwegs und komme gleich.	Please wait for me. I am on my way and will be there soon.",
verabredet sein,other,A2,,verabredet sein,,,0,0,,,,,0,Ich bin mit meiner Freundin verabredet.,I have an appointment with my girlfriend.,verabredet sein	Ich bin mit meiner Freundin verabredet.	I have an appointment with my girlfriend.,
die Veranstaltung,noun,A2,die,Veranstaltung,Veranstaltungen,-en,0,0,,,,,0,Am Samstag ist unser Restaurant geschlossen. Wir haben eine Veranstaltung.,"On Saturday, our restaurant is closed. We have an event.","die Veranstaltung, -en	Am Samstag ist unser Restaurant geschlossen. Wir haben eine Veranstaltung.	On Saturday, our restaurant is closed. We have an event.",verified
verbieten / verboten sein,other,A2,,verbieten / verboten sein,,,0,0,,,,,0,Hier ist Rauchen verboten.,Smoking is prohibited here.,verbieten / verboten sein	Hier ist Rauchen verboten.	Smoking is prohibited here.,
"verdienen, verdient",other,A2,,"verdienen, verdient",,,0,0,,,,,0,Ich verdiene 1.500 Euro im Monat.,"I earn 1,500 euros a month.","verdienen, verdient	Ich verdiene 1.500 Euro im Monat.	I earn 1,500 euros a month.",
"vereinbaren, vereinbart",other,A2,,"vereinbaren, vereinbart",,,0,0,,,,,0,Können wir einen Termin vereinbaren?,Can we schedule an appointment?,"vereinbaren, vereinbart	Können wir einen Termin vereinbaren?	Can we schedule an appointment?",
"vergessen, vergisst",other,A2,,"vergessen, vergisst",,,0,0,,,,,0,Ich habe meine Hausaufgaben vergessen.,I forgot my homework.,"vergessen, vergisst	Ich habe meine Hausaufgaben vergessen.	I forgot my homework.",
"vergleichen, vergleicht",other,A2,,"vergleichen, vergleicht",,,0,0,,,,,0,Vergleichen Sie die Angebote!,Compare the offers!,"vergleichen, vergleicht	Vergleichen Sie die Angebote!	Compare the offers!",
"verkaufen, verkauft",other,A2,,"verkaufen, verkauft",,,0,0,,,,,0,Er verkauft sein altes Auto.,He is selling his old car.,"verkaufen, verkauft	Er verkauft sein altes Auto.	He is selling his old car.",
der Verkehr,noun,A2,der,Verkehr,,,1,0,,,,,0,Morgens gibt es hier immer viel Verkehr.,"In the morning, there is always a lot of traffic here.","der Verkehr (Sg.)	Morgens gibt es hier immer viel Verkehr.	In the morning, there is always a lot of traffic here.",verified
das Verkehrsmittel,noun,A2,das,Verkehrsmittel,Verkehrsmittel,-,0,0,,,,,0,Welche Verkehrsmittel benutzen Sie oft?,Which means of transportation do you use often?,"das Verkehrsmittel, -	Welche Verkehrsmittel benutzen Sie oft?	Which means of transportation do you use often?",verified
"verletzen (sich), verletzt",other,A2,,"verletzen (sich), verletzt",,,0,0,,,,,0,"Sind Sie verletzt? – Ja, am Bein.","Are you injured? – Yes, on the leg.","verletzen (sich), verletzt	Sind Sie verletzt? – Ja, am Bein.	Are you injured? – Yes, on the leg.",
"verlieben (sich), verliebt",other,A2,,"verlieben (sich), verliebt",,,0,0,,,,,0,Ich bin total verliebt.,I am totally in love.,"verlieben (sich), verliebt	Ich bin total verliebt.	I am totally in love.",
"verlieren, verliert",other,A2,,"verlieren, verliert",,,0,0,,,,,0,Ich habe meinen Schlüssel verloren.,I lost my key.,"verlieren, verliert	Ich habe meinen Schlüssel verloren.	I lost my key.",
"vermieten, vermietet",other,A2,,"vermieten, vermietet",,,0,0,,,,,0,Die Wohnung ist schon vermietet.,The apartment is already rented.,"vermieten, vermietet	Die Wohnung ist schon vermietet.	The apartment is already rented.",
"verpassen, verpasst",other,A2,,"verpassen, verpasst",,,0,0,,,,,0,Ich habe den Zug verpasst.,I missed the train.,"verpassen, verpasst	Ich habe den Zug verpasst.	I missed the train.",
"verreisen, verreist",other,A2,,"verreisen, verreist",,,0,0,,,,,0,Verreist ihr in den Ferien?,Are you going away for the holidays?,"verreisen, verreist	Verreist ihr in den Ferien?	Are you going away for the holidays?",
"verschieben, verschiebt",other,A2,,"verschieben, verschiebt",,,0,0,,,,,0,Leider muss ich den Termin verschieben.,"Unfortunately, I have to reschedule the appointment.","verschieben, verschiebt	Leider muss ich den Termin verschieben.	Unfortunately, I have to reschedule the appointment.",
verschieden,verb,A2,,verschieden,,,0,0,,,,,0,Unsere beiden Kinder sind sehr verschieden.,Our two children are very different.,verschieden	Unsere beiden Kinder sind sehr verschieden.	Our two children are very different.,
die Verspätung,noun,A2,die,Verspätung,Verspätungen,-en,0,0,,,,,0,Unser Zug hat leider 15 Minuten Verspätung.,Our train is unfortunately 15 minutes late.,"die Verspätung, -en	Unser Zug hat leider 15 Minuten Verspätung.	Our train is unfortunately 15 minutes late.",verified
"verstehen, versteht",other,A2,,"verstehen, versteht",,,0,0,,,,,0,Können Sie mich verstehen?,Can you understand me?,"verstehen, versteht	Können Sie mich verstehen?	Can you understand me?",
"versuchen, versucht",other,A2,,"versuchen, versucht",,,0,0,,,,,0,Kann ich es auch einmal versuchen?,Can I try it once too?,"versuchen, versucht	Kann ich es auch einmal versuchen?	Can I try it once too?",
der Vertrag,noun,A2,der,Vertrag,Verträge,¨-e,0,0,,,,,0,Ich muss den Vertrag noch unterschreiben.,I need to sign the contract.,"der Vertrag, ¨-e	Ich muss den Vertrag noch unterschreiben.	I need to sign the contract.",verified
"viel, -e",other,A2,,"viel, -e",,,0,0,,,,,0,Ich habe leider nicht viel Zeit.,I unfortunately don't have much time.,"viel, -e	Ich habe leider nicht viel Zeit.	I unfortunately don't have much time.",
der Vogel,noun,A2,der,Vogel,Vögel,¨-,0,0,,,,,0,Nadine mag Vögel.,Nadine likes birds.,"der Vogel, ¨-	Nadine mag Vögel.	Nadine likes birds.",verified
voll,other,A2,,voll,,,0,0,,,,,0,Morgens und abends sind die Züge immer sehr voll.,"In the mornings and evenings, the trains are always very full.","voll	Morgens und abends sind die Züge immer sehr voll.	In the mornings and evenings, the trains are always very full.",
der Volleyball,noun,A2,der,Volleyball,Volleybälle,¨-e,0,0,,,,,0,Ich spiele gern Volleyball.,I like to play volleyball.,"der Volleyball, ¨-e	Ich spiele gern Volleyball.	I like to play volleyball.",verified
vorbei,other,A2,,vorbei,,,0,0,,,,,0,Die Linie 8 fährt am Krankenhaus vorbei.,Line 8 passes by the hospital.,vorbei	Die Linie 8 fährt am Krankenhaus vorbei.	Line 8 passes by the hospital.,
"vorbereiten, vorbereitet",other,A2,,"vorbereiten, vorbereitet",,,0,0,,,,,0,Morgen mache ich eine Party. Ich muss noch viel dafür vorbereiten.,I am having a party tomorrow. I still need to prepare a lot for it.,"vorbereiten, vorbereitet	Morgen mache ich eine Party. Ich muss noch viel dafür vorbereiten.	I am having a party tomorrow. I still need to prepare a lot for it.",
vorgestern,verb,A2,,vorgestern,,,0,0,,,,,1,Er hat mich vorgestern angerufen.,He called me the day before yesterday.,vorgestern	Er hat mich vorgestern angerufen.	He called me the day before yesterday.,
vorher,other,A2,,vorher,,,0,0,,,,,0,Ich komme mit ins Café. Vorher muss ich aber noch zur Bank.,"I will come with you to the café. But first, I need to go to the bank.","vorher	Ich komme mit ins Café. Vorher muss ich aber noch zur Bank.	I will come with you to the café. But first, I need to go to the bank.",
vorn(e),other,A2,,vorn(e),,,0,0,,,,,0,Bitte vorn(e) einsteigen!,Please board at the front!,vorn(e)	Bitte vorn(e) einsteigen!	Please board at the front!,
der Vorschlag,noun,A2,der,Vorschlag,Vorschläge,¨-e,0,0,,,,,0,Was machen wir am Wochenende? Hast du einen guten Vorschlag?,What shall we do on the weekend? Do you have a good suggestion?,"der Vorschlag, ¨-e	Was machen wir am Wochenende? Hast du einen guten Vorschlag?	What shall we do on the weekend? Do you have a good suggestion?",verified
vorsichtig,other,A2,,vorsichtig,,,0,0,,,,,0,Sei vorsichtig!,Be careful!,vorsichtig	Sei vorsichtig!	Be careful!,
"vorstellen (sich), vorgestellt",other,A2,,"vorstellen (sich), vorgestellt",,,0,0,,,,,0,Wir wollen uns kennenlernen. Können Sie sich bitte vorstellen?,We want to get to know each other. Can you please introduce yourself?,"vorstellen (sich), vorgestellt	Wir wollen uns kennenlernen. Können Sie sich bitte vorstellen?	We want to get to know each other. Can you please introduce yourself?",
vorwärts,other,A2,,vorwärts,,,0,0,,,,,0,Fahren Sie bitte noch ein Stück vorwärts.,Please drive a little further forward.,vorwärts	Fahren Sie bitte noch ein Stück vorwärts.	Please drive a little further forward.,
wach,other,A2,,wach,,,0,0,,,,,0,Bist du schon lange wach?,Have you been awake for a long time?,wach	Bist du schon lange wach?	Have you been awake for a long time?,
der Wagen,noun,A2,der,Wagen,Wagen,–,0,0,,,,,0,Wo steht Ihr Wagen?,Where is your car parked?,"der Wagen, –	Wo steht Ihr Wagen? 	Where is your car parked?",unverified
"wählen, wählt",other,A2,,"wählen, wählt",,,0,0,,,,,0,Sie müssen erst eine Null wählen.,You first need to dial a zero.,"wählen, wählt	Sie müssen erst eine Null wählen. 	You first need to dial a zero.",
wahr,other,A2,,wahr,,,0,0,,,,,0,Das ist (nicht) wahr!,That is (not) true!,wahr	Das ist (nicht) wahr! 	That is (not) true!,
wahrscheinlich,other,A2,,wahrscheinlich,,,0,0,,,,,0,Wahrscheinlich mache ich im Herbst einen Deutschkurs.,I'll probably take a German course in the fall.,wahrscheinlich	Wahrscheinlich mache ich im Herbst einen Deutschkurs. 	I'll probably take a German course in the fall.,
der Wald,noun,A2,der,Wald,Wälder,¨-er,0,0,,,,,0,Im Wald ist es ruhig.,It is quiet in the forest.,"der Wald, ¨-er	Im Wald ist es ruhig. 	It is quiet in the forest.",verified
"wandern, wandert",other,A2,,"wandern, wandert",,,0,0,,,,,0,Wir gehen oft wandern.,We often go hiking.,"wandern, wandert	Wir gehen oft wandern. 	We often go hiking.",
warm,other,A2,,warm,,,0,0,,,,,0,Hier ist es sehr warm.,It is very warm here.,warm	Hier ist es sehr warm. 	It is very warm here.,
"warten, wartet",other,A2,,"warten, wartet",,,0,0,,,,,0,Können Sie ein paar Minuten warten?,Can you wait a few minutes?,"warten, wartet	Können Sie ein paar Minuten warten? 	Can you wait a few minutes?",
die Wäsche,noun,A2,die,Wäsche,Wäschen,-n,0,0,,,,,0,Ich muss noch Wäsche waschen.,I still need to do laundry.,"die Wäsche, -n	Ich muss noch Wäsche waschen. 	I still need to do laundry.",verified
"waschen (sich), wäscht",other,A2,,"waschen (sich), wäscht",,,0,0,,,,,0,Wo kann ich mir die Hände waschen?,Where can I wash my hands?,"waschen (sich), wäscht	Wo kann ich mir die Hände waschen? 	Where can I wash my hands?",
die Webseite,noun,A2,die,Webseite,Webseiten,-n,0,0,,,,,0,Es gibt viele Webseiten mit Grammatikübungen.,There are many websites with grammar exercises.,"die Webseite, -n	Es gibt viele Webseiten mit Grammatikübungen. 	There are many websites with grammar exercises.",verified
"wechseln, wechselt",other,A2,,"wechseln, wechselt",,,0,0,,,,,0,Wir müssen den Reifen wechseln.,We need to change the tire.,"wechseln, wechselt	Wir müssen den Reifen wechseln. 	We need to change the tire.",
"wecken, weckt",other,A2,,"wecken, weckt",,,0,0,,,,,0,Bitte wecken Sie mich morgen früh um fünf.,Please wake me up tomorrow morning at five.,"wecken, weckt	Bitte wecken Sie mich morgen früh um fünf. 	Please wake me up tomorrow morning at five.",
weg/weg-,other,A2,,weg/weg-,,,0,0,,,,,0,Meine Brille ist weg. Ich finde sie nicht mehr.,My glasses are gone. I can't find them anymore.,weg/weg-	Meine Brille ist weg. Ich finde sie nicht mehr. 	My glasses are gone. I can't find them anymore.,
der Weg,noun,A2,der,Weg,Wege,-e,0,0,,,,,0,Das ist der kürzeste Weg.,This is the shortest way.,"der Weg, -e	Das ist der kürzeste Weg. 	This is the shortest way.",verified
wegen,preposition,A2,,wegen,,,0,0,genitiv,,,,0,Wegen seiner Arbeit kann er leider nicht kommen.,He can't come because of his work.,wegen	Wegen seiner Arbeit kann er leider nicht kommen. 	He can't come because of his work.,
"wehtun, tut weh",other,A2,,"wehtun, tut weh",,,0,0,,,,,0,Wo tut es weh?,Where does it hurt?,"wehtun, tut weh	Wo tut es weh? 	Where does it hurt?",
weich,other,A2,,weich,,,0,0,,,,,0,Ich möchte zum Frühstück ein weiches Ei.,I would like a soft-boiled egg for breakfast.,weich	Ich möchte zum Frühstück ein weiches Ei. 	I would like a soft-boiled egg for breakfast.,
weil,other,A2,,weil,,,0,0,,,,,0,"Ich kann nicht kommen, weil ich arbeiten muss.",I can't come because I have to work.,"weil	Ich kann nicht kommen, weil ich arbeiten muss. 	I can't come because I have to work.",
"weinen, weint",other,A2,,"weinen, weint",,,0,0,,,,,0,Warum weint das Baby?,Why is the baby crying?,"weinen, weint	Warum weint das Baby? 	Why is the baby crying?",
"welcher, -e, -s",other,A2,,"welcher, -e, -s",,,0,0,,,,,0,Welcher Tag ist heute?,What day is it today?,"welcher, -e, -s	Welcher Tag ist heute? 	What day is it today?",
"wenig, -e",other,A2,,"wenig, -e",,,0,0,,,,,0,Ich habe leider nur wenig verstanden.,"Unfortunately, I only understood a little.","wenig, -e	Ich habe leider nur wenig verstanden. 	Unfortunately, I only understood a little.",
wenigstens,other,A2,,wenigstens,,,0,0,,,,,0,"Ich habe keinen Hunger. - Ach, essen Sie wenigstens ein Stück Kuchen.","I'm not hungry. - Oh, at least eat a piece of cake.","wenigstens	Ich habe keinen Hunger. - Ach, essen Sie wenigstens ein Stück Kuchen. 	I'm not hungry. - Oh, at least eat a piece of cake.",
wenn,other,A2,,wenn,,,0,0,,,,,0,"Wenn ich nicht arbeiten muss, komme ich.","If I don't have to work, I'll come.","wenn	Wenn ich nicht arbeiten muss, komme ich. 	If I don't have to work, I'll come.",
"wer (wen, wem)",other,A2,,"wer (wen, wem)",,,0,0,,,,,0,Wer ist das?,Who is that?,"wer (wen, wem)	Wer ist das? 	Who is that?",
"werden, wird",other,A2,,"werden, wird",,,0,0,,,,,0,Mein Sohn will Arzt werden.,My son wants to become a doctor.,"werden, wird	Mein Sohn will Arzt werden. 	My son wants to become a doctor.",
die Werkstatt,noun,A2,die,Werkstatt,Werkstätten,¨-en,0,0,,,,,0,Mein Auto ist kaputt. Es ist in der Werkstatt.,My car is broken. It is in the workshop.,"die Werkstatt, ¨-en	Mein Auto ist kaputt. Es ist in der Werkstatt. 	My car is broken. It is in the workshop.",verified
der Wettbewerb,noun,A2,der,Wettbewerb,Wettbewerbe,-e,0,0,,,,,0,Mein Sohn hat bei einem Wettbewerb gewonnen.,My son won a competition.,"der Wettbewerb, -e	Mein Sohn hat bei einem Wettbewerb gewonnen. 	My son won a competition.",verified
"wie viel, -e",other,A2,,"wie viel, -e",,,0,0,,,,,0,Wie viel kostet diese Hose?,How much does these pants cost?,"wie viel, -e	Wie viel kostet diese Hose? 	How much does these pants cost?",
wieder,other,A2,,wieder,,,0,0,,,,,0,Stefan kann wieder zum Fußballtraining kommen.,Stefan can come back to soccer practice.,wieder	Stefan kann wieder zum Fußballtraining kommen. 	Stefan can come back to soccer practice.,
"wiederholen, wiederholt",other,A2,,"wiederholen, wiederholt",,,0,0,,,,,0,Können Sie das bitte wiederholen?,Can you please repeat that?,"wiederholen, wiederholt	Können Sie das bitte wiederholen? 	Can you please repeat that?",
windig,other,A2,,windig,,,0,0,,,,,0,Heute ist es sehr windig.,Today it is very windy.,windig	Heute ist es sehr windig. 	Today it is very windy.,
wirklich,other,A2,,wirklich,,,0,0,,,,,0,Du glaubst mir nicht? Es ist aber wirklich so.,You don't believe me? But it is really so.,wirklich	Du glaubst mir nicht? Es ist aber wirklich so. 	You don't believe me? But it is really so.,
"wissen, weiß",other,A2,,"wissen, weiß",,,0,0,,,,,0,"Weißt du, wie der Hausmeister heißt?",Do you know what the janitor's name is?,"wissen, weiß	Weißt du, wie der Hausmeister heißt? 	Do you know what the janitor's name is?",
der Witz,noun,A2,der,Witz,Witze,-e,0,0,,,,,0,Wir haben Witze erzählt und viel gelacht.,We told jokes and laughed a lot.,"der Witz, -e	Wir haben Witze erzählt und viel gelacht. 	We told jokes and laughed a lot.",verified
witzig,other,A2,,witzig,,,0,0,,,,,0,Warum lachst du? Ich finde das nicht witzig.,Why are you laughing? I don't find that funny.,witzig	Warum lachst du? Ich finde das nicht witzig. 	Why are you laughing? I don't find that funny.,
"wohnen, wohnt",other,A2,,"wohnen, wohnt",,,0,0,,,,,0,Ich wohne in Kiel.,I live in Kiel.,"wohnen, wohnt	Ich wohne in Kiel. 	I live in Kiel.",
das Wohnzimmer,noun,A2,das,Wohnzimmer,Wohnzimmer,-,0,0,,,,,0,Die Kinder sitzen im Wohnzimmer und sehen fern.,The children are sitting in the living room watching TV.,"das Wohnzimmer, -	Die Kinder sitzen im Wohnzimmer und sehen fern. 	The children are sitting in the living room watching TV.",verified
"wollen, will",other,A2,,"wollen, will",,,0,0,,,,,0,Wollen Sie einen Kaffee trinken?,Would you like to drink a coffee?,"wollen, will	Wollen Sie einen Kaffee trinken? 	Would you like to drink a coffee?",
der Workshop,noun,A2,der,Workshop,Workshops,-s,0,0,,,,,0,Das war ein toller Workshop. Ich habe viel gelernt.,That was a great workshop. I learned a lot.,"der Workshop, -s	Das war ein toller Workshop. Ich habe viel gelernt. 	That was a great workshop. I learned a lot.",verified
der Wunsch,noun,A2,der,Wunsch,Wünsche,¨-e,0,0,,,,,0,Ich wünsche Ihnen alles Gute!,I wish you all the best!,"der Wunsch, ¨-e	Ich wünsche Ihnen alles Gute! 	I wish you all the best!",verified
wünschen,verb,A2,,wünschen,,,0,0,,,,,0,Ich wünsche mir eine Kamera zum Geburtstag.,I wish for a camera for my birthday.,wünschen	Ich wünsche mir eine Kamera zum Geburtstag. 	I wish for a camera for my birthday.,
die Wurst,noun,A2,die,Wurst,Würste,¨-e,0,0,,,,,0,"Eine Wurst mit Pommes, bitte.","A sausage with fries, please.","die Wurst, ¨-e	Eine Wurst mit Pommes, bitte. 	A sausage with fries, please.",verified
die Zahl,noun,A2,die,Zahl,Zahlen,-en,0,0,,,,,0,Können Sie die Zahl bitte wiederholen?,Can you please repeat the number?,"die Zahl, -en	Können Sie die Zahl bitte wiederholen?	Can you please repeat the number?",verified
"zahlen, zahlt",other,A2,,"zahlen, zahlt",,,0,0,,,,,0,"Entschuldigung, zahlen bitte!","Excuse me, the bill please!","zahlen, zahlt	Entschuldigung, zahlen bitte!	Excuse me, the bill please!",
der Zahn,noun,A2,der,Zahn,Zähne,¨-e,0,0,,,,,0,Der Zahn tut mir schon seit einer Woche weh.,My tooth has been hurting for a week.,"der Zahn, ¨-e	Der Zahn tut mir schon seit einer Woche weh.	My tooth has been hurting for a week.",verified
"zeichnen, zeichnet",other,A2,,"zeichnen, zeichnet",,,0,0,,,,,0,Caterina kann gut zeichnen. Sieh mal das Bild hier.,Caterina can draw well. Look at this picture here.,"zeichnen, zeichnet	Caterina kann gut zeichnen. Sieh mal das Bild hier.	Caterina can draw well. Look at this picture here.",
"zeigen, zeigt",other,A2,,"zeigen, zeigt",,,0,0,,,,,0,Können Sie mir bitte den Weg zum Bahnhof zeigen?,Can you please show me the way to the train station?,"zeigen, zeigt	Können Sie mir bitte den Weg zum Bahnhof zeigen?	Can you please show me the way to the train station?",
die Zeitschrift,noun,A2,die,Zeitschrift,Zeitschriften,-en,0,0,,,,,0,Diese Zeitschrift kauft Andrea jede Woche.,Andrea buys this magazine every week.,"die Zeitschrift, -en	Diese Zeitschrift kauft Andrea jede Woche.	Andrea buys this magazine every week.",verified
das Zelt,noun,A2,das,Zelt,Zelte,-e,0,0,,,,,0,Im Sommer schlafen wir manchmal im Zelt.,"In the summer, we sometimes sleep in a tent.","das Zelt, -e	Im Sommer schlafen wir manchmal im Zelt.	In the summer, we sometimes sleep in a tent.",verified
das Zentrum,noun,A2,das,Zentrum,Zentren,wiktionary,0,0,,,,,0,Der Bahnhof ist im Stadtzentrum.,The train station is in the city center.,"das Zentrum, -en	Der Bahnhof ist im Stadtzentrum.	The train station is in the city center.",verified
der Zettel,noun,A2,der,Zettel,Zettel,-,0,0,,,,,0,Hast du einen Zettel für mich? Ich muss etwas notieren.,Do you have a piece of paper for me? I need to jot something down.,"der Zettel, -	Hast du einen Zettel für mich? Ich muss etwas notieren.	Do you have a piece of paper for me? I need to jot something down.",verified
das Zeugnis,noun,A2,das,Zeugnis,Zeugnisse,-se,0,0,,,,,0,Morgen bekommen die Kinder ihr Zeugnis.,The children will get their report card tomorrow.,"das Zeugnis, -se	Morgen bekommen die Kinder ihr Zeugnis.	The children will get their report card tomorrow.",verified
"(an-)/(aus)ziehen, zieht (an/aus)",other,A2,,"(an-)/(aus)ziehen, zieht (an/aus)",,,0,0,,,,,0,Ich ziehe (mir) eine Jacke an.,I am putting on a jacket.,"(an-)/(aus)ziehen, zieht (an/aus)	Ich ziehe (mir) eine Jacke an.	I am putting on a jacket.",
"(an-)/(aus)ziehen, hat/ist (an/aus)gezogen",other,A2,,"(an-)/(aus)ziehen, hat/ist (an/aus)gezogen",,,0,0,,,,,0,Die Nachbarn sind am Wochenende ausgezogen.,The neighbors moved out over the weekend.,"(an-)/(aus)ziehen, hat/ist (an/aus)gezogen	Die Nachbarn sind am Wochenende ausgezogen.	The neighbors moved out over the weekend.",
das Ziel,noun,A2,das,Ziel,Ziele,-e,0,0,,,,,0,John läuft sehr schnell. Er war als erster am Ziel.,John runs very fast. He was the first at the finish line.,"das Ziel, -e	John läuft sehr schnell. Er war als erster am Ziel.	John runs very fast. He was the first at the finish line.",verified
der Zirkus,noun,A2,der,Zirkus,Zirkusse,-se,0,0,,,,,0,Heute gehen wir mit den Kindern in den Zirkus.,Today we are going to the circus with the children.,"der Zirkus, -se	Heute gehen wir mit den Kindern in den Zirkus.	Today we are going to the circus with the children.",verified
die Zitrone,noun,A2,die,Zitrone,Zitronen,-n,0,0,,,,,0,Ich trinke den Tee mit Zitrone.,I drink tea with lemon.,"die Zitrone, -n	Ich trinke den Tee mit Zitrone.	I drink tea with lemon.",verified
der Zoo,noun,A2,der,Zoo,Zoos,-s,0,0,,,,,0,Am Sonntag gehen wir in den Zoo.,"On Sunday, we are going to the zoo.","der Zoo, -s	Am Sonntag gehen wir in den Zoo.	On Sunday, we are going to the zoo.",verified
der Zucker,noun,A2,der,Zucker,,,1,0,,,,,0,Trinken Sie den Tee mit oder ohne Zucker?,Do you drink tea with or without sugar?,der Zucker (Sg.)	Trinken Sie den Tee mit oder ohne Zucker?	Do you drink tea with or without sugar?,verified
zuerst,other,A2,,zuerst,,,0,0,,,,,0,"Zuerst müsst ihr die Hausaufgaben machen, dann könnt ihr spielen.","First you have to do your homework, then you can play.","zuerst	Zuerst müsst ihr die Hausaufgaben machen, dann könnt ihr spielen.	First you have to do your homework, then you can play.",
"zuhören, hört zu",other,A2,,"zuhören, hört zu",,,0,0,,,,,0,Hör mir doch mal zu! Ich rede mit dir.,Listen to me! I am talking to you.,"zuhören, hört zu	Hör mir doch mal zu! Ich rede mit dir.	Listen to me! I am talking to you.",
zuletzt,other,A2,,zuletzt,,,0,0,,,,,0,Wir haben uns vor drei Jahren zuletzt gesehen.,We last saw each other three years ago.,zuletzt	Wir haben uns vor drei Jahren zuletzt gesehen.	We last saw each other three years ago.,
zum Beispiel,other,A2,,zum Beispiel,,,0,0,,,,,0,"Mein Freund hat viele Hobbys, zum Beispiel Kochen, Lesen und Tanzen.","My friend has many hobbies, for example, cooking, reading, and dancing.","zum Beispiel	Mein Freund hat viele Hobbys, zum Beispiel Kochen, Lesen und Tanzen.	My friend has many hobbies, for example, cooking, reading, and dancing.",
"zumachen, macht zu",other,A2,,"zumachen, macht zu",,,0,0,,,,,0,Machst du bitte das Fenster zu?,Can you please close the window?,"zumachen, macht zu	Machst du bitte das Fenster zu?	Can you please close the window?",
"zurück- (fahren, geben, gehen, kommen, laufen)",other,A2,,"zurück- (fahren, geben, gehen, kommen, laufen)",,,0,0,,,,,0,Fahrt ihr nach der Party zurück nach Hause?,Are you driving back home after the party?,"zurück- (fahren, geben, gehen, kommen, laufen)	Fahrt ihr nach der Party zurück nach Hause?	Are you driving back home after the party?",
